,SMILES,target,MaxEStateIndex,MinEStateIndex,MaxPartialCharge,MinPartialCharge,FpDensityMorgan2,BalabanJ,BertzCT,HallKierAlpha,LabuteASA,TPSA,FractionCSP3,MolLogP,HOMO,LUMO,gap,dipole,BDE,IP,PDE,PA,ETE
0,Cc1cc(O)c(Br)cc1O,1,9.083425926,0.148425926,0.129792812,-0.507640368,1.8,3.282462907,207.7781739,-0.7,67.25236034,40.46,0.142857143,2.16872,-8.849,-0.441,8.408,2.44556,77.32378,188.69824,83.49157,271.43814,61.92195
1,COc1ccc(O)c(C)c1,1,9.08366969,0.306296296,0.118894271,-0.50768251,2.1,3.043618059,230.6992424,-1.18,60.06906633,29.46,0.25,1.70922,-8.462,0.089,8.551,1.94414,76.20192,179.9334,100.53617,279.7179,52.52033
2,Cc1cc(O)ccc1O,1,8.932592593,0.185462963,0.118251236,-0.507951801,1.888888889,3.17167803,218.1561776,-1.18,53.38481274,40.46,0.142857143,1.40622,-8.652,-0.077,8.575,0.71912,76.72593,185.24805,94.94846,279.44484,53.3174
3,OCc1cc(O)ccc1O,1,8.963842593,-0.263657407,0.120856516,-0.507950062,1.9,3.090683646,232.2928705,-1.22,58.17904649,60.69,0.142857143,0.5901,-8.847,-0.295,8.552,1.65184,70.1724,188.20711,85.53775,272.99319,53.21552
4,CC(C)=CC(=O)CC(C)c1ccc(C)cc1O,1,11.65742189,0.040462963,0.15572421,-0.507654426,2.058823529,2.797060674,440.2350837,-1.57,102.982035,37.3,0.4,3.72952,-8.854,0.237,9.091,2.6975,70.17335,185.87972,92.87756,278.00561,48.20405
5,COc1cc(/C=C/C(=O)CC(O)CCc2ccc(O)c(OC)c2)ccc1O,1,12.02412048,-0.767313083,0.160571749,-0.504254605,1.666666667,1.860472246,812.3142857,-2.99,157.8546871,96.22,0.285714286,3.0811,-8.411,-0.768,7.643,2.01838,62.135,168.52553,94.50515,262.27901,55.8923
6,O=C(/C=C/c1ccc(O)cc1)CC(O)CC(=O)c1ccc(O)cc1,1,11.96451643,-1.066415869,0.164967962,-0.507966251,1.416666667,1.854159685,729.3573937,-2.92,139.0592346,94.83,0.157894737,2.7041,-9.336,-0.978,8.358,3.64131,65.9426,184.3882,70.71818,254.35471,67.6242
7,O=C(/C=C/c1ccc(O)cc1)CC(=O)/C=C/c1ccc(O)cc1,1,11.7257421,-0.293119331,0.162918627,-0.507966251,1.043478261,1.876553987,672.4440099,-3.14,133.5753978,74.6,0.052631579,3.3527,-9.172,-0.907,8.265,1.16746,81.18703,174.51601,79.40005,253.16439,84.05895
8,COc1cc(/C=C/C(=O)CC(=O)/C=C/c2ccc(O)cc2)ccc1O,1,11.84896072,-0.326483371,0.162918644,-0.507966251,1.48,1.923936803,816.4801993,-3.34,145.0538851,83.83,0.1,3.3613,-8.862,-0.885,7.977,6.81109,81.38443,184.95227,68.16498,252.36558,85.05516
9,COc1cc(/C=C/C(=O)CC(=O)/C=C/c2ccc(O)c(OC)c2)ccc1O,1,11.92939826,-0.347242116,0.162918644,-0.504254344,1.222222222,1.958861483,822.0399999,-3.54,156.5323725,93.06,0.142857143,3.3699,-8.828,-0.936,7.892,2.82691,74.87693,183.38655,70.36833,253.00321,77.91003
10,O=Cc1ccc(O)c(O)c1,1,10.07726002,-0.273518519,0.157607854,-0.504259611,1.9,3.158901732,255.0281739,-1.51,57.54633484,57.53,0,0.9103,-9.297,-0.78,8.517,1.18638,72.67133,206.48712,54.39005,260.1255,68.58214
11,O=Cc1cc(O)c(O)c(O)c1,1,10.11837113,-0.615185185,0.199800646,-0.504145404,1.545454545,3.310942113,269.4872023,-1.71,62.34056859,77.76,0,0.6159,-9.511,-1.004,8.507,4.12038,69.39897,194.71427,61.55827,255.52087,69.91441
12,O=Cc1ccc(O)c(O)c1O,1,10.13809335,-0.671666667,0.200526545,-0.504160804,1.727272727,3.358088236,292.7372023,-1.71,62.34056859,77.76,0,0.6159,-9.263,-0.963,8.3,1.27925,77.56866,188.94175,75.76784,263.95792,69.64705
13,O=Cc1c(O)cc(O)cc1O,1,10.15781557,-0.43287037,0.157031247,-0.507678709,1.545454545,3.357321447,269.4872023,-1.71,62.34056859,77.76,0,0.6159,-9.719,-0.688,9.031,3.49532,81.36525,200.05122,57.11989,256.41944,80.98212
14,COc1cc(C=O)ccc1O,1,10.24874528,0.039907407,0.160689324,-0.504254323,2.272727273,3.116164134,268.0397226,-1.51,64.23058843,46.53,0.125,1.2133,-9.104,-0.664,8.44,1.54393,75.22378,192.98167,75.50893,267.73893,63.52116
15,N#Cc1ncn(-c2ccc(O)cc2)c1N,1,9.115777904,0.178651292,0.182367311,-0.507964311,2,2.507542571,521.3456838,-2.48,86.01892346,87.86,0,1.03178,-9.03,-0.874,8.156,9.55184,81.29668,184.15661,72.69294,256.09788,81.23511
16,Cc1c(C)c2c(c(C)c1O)CCC(C)(C(=O)O)O2,1,11.25961987,-1.17300359,0.347263245,-0.507381418,1.833333333,2.607781694,533.3309085,-1.71,106.2086437,66.76,0.5,2.48576,-8.337,0.205,8.542,3.66858,71.01129,172.22298,102.50561,273.97692,53.07068
17,Cc1cc(C(C)(C)C)c(O)c(C(C)(C)C)c1,1,10.38449074,-0.01775463,0.122540495,-0.507340695,1.125,3.507848338,353.8715828,-0.98,99.5101159,20.23,0.6,4.29562,-8.484,0.421,8.905,1.57966,75.89648,177.06705,103.40345,279.71883,52.21396
18,Cc1cc(O)cc(O)c1O,1,8.96962963,-0.293981481,0.160908761,-0.507807936,1.7,3.310532875,232.0232864,-1.38,58.17904649,60.69,0.142857143,1.11182,-8.693,-0.038,8.655,1.88687,72.69521,189.22979,80.56774,269.04586,59.68566
19,Cc1cc(O)c(Oc2cc(C)cc(O)c2O)c(O)c1,1,9.733861489,-0.453726852,0.210251223,-0.50415426,1.210526316,2.475930382,610.9688298,-2.56,109.5088618,90.15,0.142857143,2.91814,-8.994,-0.297,8.697,1.10298,72.2013,180.40634,74.43808,254.09275,74.14486
20,Cc1cc(O)cc(Oc2cc(C)cc(O)c2O)c1,1,9.684417045,-0.317966742,0.20069593,-0.507812364,1.5,2.392554832,570.3381299,-2.36,104.714628,69.92,0.142857143,3.21254,-8.909,-0.197,8.712,1.15766,76.13103,182.61207,88.00074,269.86114,62.3062
21,Cc1cc(O)c(O)c(Oc2cc(C)cc(O)c2Oc2cc(C)cc(O)c2O)c1,1,10.35848199,-0.492988683,0.211166915,-0.50415426,0.892857143,2.090251147,1057.35024,-3.74,160.8386771,119.61,0.142857143,4.72446,-8.491,-0.423,8.068,4.40449,74.12715,173.56286,81.90794,254.71913,75.44433
22,Cc1cc(O)c(Oc2cc(C)cc(O)c2Oc2cc(C)cc(O)c2O)c(O)c1,1,10.34960055,-0.502263566,0.211170635,-0.50415426,0.892857143,2.091401638,1034.10024,-3.74,160.8386771,119.61,0.142857143,4.72446,-8.678,-0.104,8.574,2.04698,76.4214,172.30632,89.22715,260.7818,71.67591
23,Cc1cc(O)c(Oc2ccc(C)cc2Oc2cc(C)cc(O)c2O)c(O)c1,1,10.08673887,-0.394364378,0.210247991,-0.50415426,1.111111111,2.024087684,986.7890505,-3.54,156.0444433,99.38,0.142857143,5.01886,-8.779,-0.063,8.716,1.57422,77.26119,177.67195,81.99792,258.9182,74.3793
24,COc1cc(/C=C/C(=O)O)ccc1O,1,10.22659037,-1.016627929,0.327821203,-0.504254344,2.214285714,2.948507337,368.3847897,-1.97,81.06510338,66.76,0.1,1.4986,-8.86,-0.904,7.956,2.67222,74.95418,186.36526,74.00492,259.61851,71.37198
25,COc1cc(/C=C/C(=O)NCCCCNC(=O)/C=C/c2ccc(O)cc2)ccc1O,1,11.84656937,-0.219529093,0.243499053,-0.507966251,1.4,1.598236754,904.3095242,-3.74,175.2484358,107.89,0.217391304,2.8456,-8.743,-0.533,8.21,7.1955,70.1552,181.74276,67.02237,248.01346,78.17805
26,COc1cc(/C=C/C(=O)NCCCCNC(=O)/C=C/c2ccc(O)c(OC)c2)ccc1O,1,11.88335685,-0.22839193,0.243499053,-0.504254344,1.1875,1.630017828,904.9498836,-3.94,186.7269232,117.12,0.25,2.8542,-8.661,-0.619,8.042,3.50845,71.67787,171.69982,86.72938,257.67753,70.03665
27,O=C(O)/C=C/c1ccc(O)c(O)c1,1,10.12579948,-1.062440004,0.327821203,-0.504259632,1.923076923,2.915115081,354.6323762,-1.97,74.38084979,77.76,0,1.1956,-9.185,-1.009,8.176,4.17043,75.30547,194.75269,60.91296,254.91398,76.4278
28,COc1cc(O)ccc1O,1,8.998842593,0.028055556,0.16365922,-0.507818249,2,3.090683646,232.2928705,-1.38,58.49835797,49.69,0.142857143,1.1064,-8.412,-0.061,8.351,1.63084,73.21469,177.66562,96.21064,273.12459,56.12641
29,Oc1ccc(O)cc1,1,8.645555556,0.169259259,0.115345951,-0.507962237,1,3.032455532,145.3883389,-1.18,47.01987062,40.46,0,1.0978,-8.786,-0.21,8.576,0.00017,78.14842,189.1579,90.1445,278.55073,55.634
30,Cc1cc(C)cc(O)c1,1,8.993888889,0.354166667,0.115604486,-0.507946148,1.444444444,3.16567031,165.3298402,-0.98,54.9555211,20.23,0.25,2.00904,-9.031,0.292,9.323,1.61028,81.95284,192.88318,88.16477,280.29628,57.69287
31,COc1cc(O)c(CC=C(C)C)cc1O,1,9.639422714,0.048570484,0.163681161,-0.507515077,1.933333333,2.999207732,376.6987761,-1.64,89.63346551,49.69,0.333333333,2.6151,-8.195,0.135,8.33,2.68329,69.98312,170.15226,104.78683,274.18742,51.83201
32,CC(C)=CCc1ccc(O)cc1O,1,9.414978269,0.095787037,0.122267466,-0.507822963,2,2.839700655,322.8622057,-1.44,78.15497816,40.46,0.272727273,2.6065,-8.82,0.18,9,2.69899,70.51408,185.29076,90.56173,275.10082,51.44957
33,CC(C)=CCc1cc(O)ccc1O,1,9.407478269,0.189774187,0.118850765,-0.507951412,2,2.874312313,322.8622057,-1.44,78.15497816,40.46,0.272727273,2.6065,-8.584,-0.004,8.58,1.03443,69.04217,187.77247,91.18413,278.20493,46.87355
34,CC(C)=CCc1c(C)cc(O)cc1O,1,9.595811602,0.111990741,0.122533304,-0.50781253,1.928571429,3.027080666,337.5796331,-1.44,84.51992028,40.46,0.333333333,2.91492,-8.757,0.219,8.976,1.04326,70.98123,187.10603,87.89098,274.24534,52.7722
35,CC(C)=CCc1ccc(O)c(O)c1,1,9.194639078,-0.068564815,0.157173724,-0.504259891,1.923076923,2.798552577,322.8622057,-1.44,78.15497816,40.46,0.272727273,2.6065,-8.734,0.091,8.825,2.28512,69.00593,183.69786,90.63703,273.58322,51.45902
36,CC(C)=CCc1c(O)cc(O)cc1O,1,9.435811602,-0.138009259,0.125970366,-0.507679167,1.642857143,3.027080666,339.7905478,-1.64,82.94921192,60.69,0.272727273,2.3121,-8.964,0.26,9.224,1.13163,70.20396,186.04504,86.06519,271.35856,54.88171
37,CC(C)=CCc1cc(CC=C(C)C)c(O)cc1O,1,9.801418021,0.158287037,0.12228871,-0.507519809,1.222222222,3.018515274,432.8654821,-1.7,109.2900857,40.46,0.375,4.1152,-8.481,0.231,8.712,2.07036,70.28209,178.79084,97.15747,275.19664,51.12176
38,CC(C)=CCc1cc(O)c(CC=C(C)C)cc1O,1,9.932858088,0.252274187,0.119138433,-0.507648368,1.166666667,2.966726451,428.3654821,-1.7,109.2900857,40.46,0.375,4.1152,-8.383,0.153,8.536,3.23709,68.79766,173.73786,105.79509,278.78128,46.05269
39,CC(C)=CCc1c(O)cc(O)c(CC=C(C)C)c1C,1,9.982251354,0.174490741,0.122554596,-0.507509313,1.263157895,3.218126065,470.3038694,-1.7,115.6550278,40.46,0.411764706,4.42362,-8.565,0.463,9.028,3.73145,69.57858,175.29427,101.90068,276.44328,49.17161
40,CC(C)=CCc1cc(O)c(O)cc1CC=C(C)C,1,9.58107883,-0.048049887,0.157195076,-0.504252935,1.166666667,3.081299771,429.1154821,-1.7,109.2900857,40.46,0.375,4.1152,-8.514,0.175,8.689,2.65997,69.94095,178.25424,96.47122,273.97379,52.00347
41,CC(C)=CCc1c(O)cc(O)c(CC=C(C)C)c1O,1,10.19773432,-0.075509259,0.129487452,-0.507375136,1.210526316,3.218126065,473.0358502,-1.9,114.0843195,60.69,0.375,3.8208,-8.668,0.324,8.992,2.56792,70.87906,179.81974,92.16925,271.23732,55.67805
42,CC1(C)CCc2cc(O)ccc2O1,1,9.262772109,-0.06550359,0.123072621,-0.507951611,2.153846154,2.369588426,328.8622057,-1.18,78.15806152,29.46,0.454545455,2.4958,-8.347,0.121,8.468,1.58213,73.73385,174.18092,107.93803,281.36728,48.40288
43,COc1cc(/C=C/C(=O)Oc2ccc(C(C)(C)C)cc2)ccc1O,1,11.89935173,-0.467082861,0.335667047,-0.504254344,1.75,2.024273787,737.2244325,-2.75,141.9012775,55.76,0.25,4.3171,-8.82,-0.836,7.984,2.36111,74.99947,184.3243,75.11423,258.68686,72.34892
44,COc1cc(/C=C/C(=O)Oc2ccc(C(C)C)cc2)ccc1O,1,11.83632126,-0.463575208,0.335667047,-0.504254344,1.826086957,2.009655407,699.809594,-2.75,135.5363354,55.76,0.210526316,4.143,-8.825,-0.84,7.985,2.46028,70.85408,184.47899,74.84995,258.57727,68.31312
45,COc1cc(/C=C/C(=O)Oc2ccc(Cl)c(C)c2)ccc1O,1,11.78076176,-0.50577381,0.335667218,-0.504254344,2,2.060078992,722.5940316,-2.46,133.1097174,55.76,0.117647059,3.98142,-9.025,-1.044,7.981,4.2334,78.04483,188.97419,70.97284,259.19536,74.88578
46,COc1ccc(OC(=O)/C=C/c2ccc(O)c(OC)c2)cc1,1,11.74073869,-0.502584562,0.335667079,-0.504254344,1.681818182,2.010136386,673.9486947,-2.95,127.9199964,64.99,0.117647059,3.0282,-8.738,-0.829,7.909,1.79019,74.86147,184.09906,75.37224,258.71963,72.17815
47,COc1cc(/C=C/C(=O)Oc2ccc(NC(C)=O)cc2)ccc1O,1,11.81047892,-0.546926913,0.335667064,-0.504254344,1.833333333,1.982880248,765.4786296,-3.28,138.8827776,84.86,0.111111111,2.978,-8.665,-0.862,7.803,1.96091,74.87177,175.02012,84.02172,258.29017,72.61791
48,CC(C)(C)c1cc(O)ccc1O,1,9.459467593,-0.136087963,0.119070081,-0.507951237,1.666666667,3.231425013,284.3803205,-1.18,72.47963908,40.46,0.4,2.3953,-8.613,-0.016,8.597,1.89043,76.41301,182.81565,96.84624,278.91022,53.5391
49,O=C(OOC1CC(O)(C(=O)O)CC(O)C1O)c1cc(O)c(O)c(O)c1,1,11.81246307,-2.38413303,0.372873437,-0.504143729,1.64,2.085611577,664.3507261,-2.6,139.3841751,194.21,0.428571429,-1.4083,-9.433,-0.98,8.453,3.03254,34.7629,197.66046,-13.97315,182.93564,107.86357
50,O=C(OOC1CC(O)(C(=O)O)CC(OOC(=O)c2cc(O)c(O)c(O)c2)C1O)c1cc(O)c(O)c(O)c1,1,12.16656614,-2.627455875,0.372873437,-0.504143729,1.027027027,1.719831846,1093.515521,-4.51,204.7125868,270.2,0.285714286,-0.4952,-8.902,-1.451,7.451,6.93515,38.4017,197.58254,-22.87391,173.95696,120.48105
51,O=C(OOC1CC(O)(C(=O)O)CC(OOC(=O)c2cc(O)c(O)c(O)c2)C1OOC(=O)c1cc(O)c(O)c(O)c1)c1cc(O)c(O)c(O)c1,1,12.65436022,-2.836607329,0.372875897,-0.504143729,0.775510204,1.627210391,1648.185925,-6.42,270.0409985,346.19,0.214285714,0.4179,-9.333,-1.207,8.126,5.68595,40.09746,203.57385,-31.9251,170.89708,125.23669
52,O=C(/C=C/c1ccc(O)c(O)c1)O[C@@H]1C[C@](O)(C(=O)O)C[C@@H](O)[C@H]1O,1,11.82684776,-2.309469967,0.335432216,-0.504259632,1.84,2.058883686,698.8458476,-2.62,141.587382,164.75,0.375,-0.6459,-9.287,-1.256,8.031,6.44418,73.08505,195.41085,61.69845,256.35763,72.76373
53,COc1cc(/C=C/C(=O)O)cc(OC)c1O,1,10.34980899,-1.049991969,0.327821221,-0.50169921,1.75,3.163201815,397.3782531,-2.17,92.54359072,75.99,0.181818182,1.5072,-8.705,-0.869,7.836,2.75698,73.3331,180.61809,84.91235,264.77877,64.59064
54,Nc1ccccc1O,1,8.794259259,0.145833333,0.137958202,-0.505796164,1.875,3.134861511,164.6383389,-1.18,47.56552757,46.25,0,0.9744,-9.053,-0.042,9.011,2.54791,70.33791,179.7444,97.47403,276.46676,49.90746
55,Nc1cccc(O)c1,1,8.733055556,0.212962963,0.1171292,-0.507886481,2.125,3.077660438,168.3883389,-1.18,47.56552757,46.25,0,0.9744,-8.495,0.316,8.811,3.11958,83.80047,180.56161,99.06924,278.87918,60.9576
56,NCCc1ccc(O)c(O)c1,1,9.035908919,-0.091878307,0.157163017,-0.504259893,1.909090909,2.864712197,247.8474159,-1.22,65.08964555,66.48,0.25,0.599,-8.627,0.165,8.792,2.48123,67.34112,182.38468,86.82971,268.46272,54.91471
57,CCC[C@H]1C[C@H]2OC(=O)c3c(cc(OC)c(O)c3O)[C@H]2O1,1,12.07566807,-0.636618953,0.342339909,-0.503557857,2.142857143,2.057242745,582.0168414,-1.95,121.7948451,85.22,0.533333333,2.2755,-9.109,-0.664,8.445,6.67519,73.45389,188.68671,75.11643,263.05147,66.43873
58,CCC[C@H](O)C[C@@H]1Cc2cc(OC)c(O)c(O)c2C(=O)O1,1,11.99218734,-0.694072657,0.342141273,-0.503559011,2.142857143,2.268624138,539.4556469,-1.95,122.4813648,96.22,0.533333333,1.739,-9.147,-0.645,8.502,7.60623,74.20921,189.37689,75.22809,263.85331,66.39221
59,COc1cc(O)c2c(c1)CC(c1ccc(O)cc1)OC2=O,1,12.08422162,-0.560668462,0.34232914,-0.507966607,1.904761905,1.993449981,690.5586783,-2.69,120.9195147,75.99,0.1875,2.5606,-9.165,-0.485,8.68,7.03331,70.75974,192.98547,69.18601,261.41981,65.37624
60,Oc1cc(O)cc(Oc2c(O)cc3c(c2O)Oc2cc(Oc4c(O)cc(O)cc4O)c(O)c(O)c2O3)c1,1,10.72021857,-0.883842566,0.215434322,-0.507679012,0.972972973,1.534837834,1535.135018,-5.72,205.1991393,218.99,0,4.5196,-8.684,-0.863,7.821,4.25808,74.58443,182.67828,70.00509,251.9317,78.68904
61,CC(C)(Sc1cc(C(C)(C)C)c(O)c(C(C)(C)C)c1)Sc1cc(C(C)(C)C)c(O)c(C(C)(C)C)c1,1,11.11936325,-0.164125094,0.122601183,-0.507339645,0.628571429,2.566388476,913.6082582,-1.26,223.2570851,40.46,0.612903226,9.9083,-8.136,-0.077,8.059,3.59255,70.11015,166.51752,102.62647,268.39232,57.75414
62,CCC1c2cc(O)c(O)cc2[C@@H](c2ccc(O)c(O)c2)C1C,1,9.852663192,-0.144260414,0.157206386,-0.504259889,1.409090909,2.167677708,723.2673624,-2.36,128.8492539,80.92,0.333333333,3.7842,-8.591,-0.055,8.536,0.82772,69.92102,179.49966,91.95337,270.70136,55.25597
63,O=C(OCc1ccc(O[C@@H]2O[C@@H](CO)C(O)[C@H](O)[C@@H]2O)c(O)c1)c1ccc(O)c(O[C@H]2O[C@H](CO)C(O)[C@@H](O)[C@H]2O)c1,1,12.65644333,-1.751718911,0.338099641,-0.50425251,1.214285714,1.376373455,1220.785532,-3.29,237.2576104,265.52,0.5,-3.1878,-9.112,-0.439,8.673,3.03196,66.85726,187.01361,60.36338,246.62532,76.26825
64,O=C(OCc1ccc(O[C@@H]2O[C@@H](CO)C(O)[C@H](O)[C@@H]2O)c(O)c1)c1ccc(O)cc1,1,11.99655338,-1.617462492,0.337959827,-0.507966179,1.666666667,1.620016685,866.3909493,-2.89,170.6697634,166.14,0.35,-0.3665,-9.503,-0.773,8.73,6.64614,71.55445,203.51095,51.57962,254.3389,73.25186
65,O=C(O)c1ccc(O)c(OC2O[C@H](CO)[C@@H](O)[C@H](O)[C@H]2O)c1,1,10.8904833,-1.661403534,0.335322675,-0.50425251,1.863636364,2.218623591,544.3123442,-1.91,124.1341818,156.91,0.461538462,-1.7309,-10.048,-1.098,8.95,6.85965,67.46519,191.24609,47.34327,237.83769,85.66381
66,CCCCCCCc1c(O)cc(CC=C(C)C)c(O)c1C=O,1,11.33938503,0.008202029,0.153699412,-0.507635571,1.818181818,2.913741319,525.9721003,-1.77,133.2360372,57.53,0.526315789,4.9319,-8.603,-0.829,7.774,3.35812,68.38305,178.13909,84.6731,262.06052,62.35884
67,C/C=C/C=C/CCc1c(O)cc(CC=C(C)C)c(O)c1C=O,1,11.31019561,-0.029876281,0.153699609,-0.50763537,1.954545455,3.056345745,603.5965777,-2.29,131.8568311,57.53,0.315789474,4.4839,-8.553,-0.566,7.987,5.91044,68.64426,162.35675,102.00801,263.61309,61.06748
68,C/C=C/C=C/CCc1c(O)ccc(O)c1CO,1,9.689302406,-0.26969868,0.121135414,-0.507658911,1.705882353,2.788908231,419.7206533,-1.74,101.3544352,60.69,0.285714286,2.655,-8.749,-0.298,8.451,3.56432,68.42151,182.56684,89.04146,270.85663,53.60119
69,CCC/C=C/c1cc2c(C=O)c(O)c(CC=C(C)C)c(O)c2o1,1,11.39585069,-0.187603904,0.177177983,-0.506733063,2,2.61802894,774.4989006,-2.49,135.2925437,70.67,0.315789474,4.9785,-8.697,-0.813,7.884,5.54915,69.47384,178.98748,78.98392,257.21973,68.29042
70,C/C=C/C=C/c1cc2c(C=O)c(O)c(CC=C(C)C)c(O)c2o1,1,11.38467785,-0.201589244,0.177178269,-0.506733063,1.956521739,2.663760248,815.7425714,-2.75,134.6029407,70.67,0.210526316,4.7545,-8.627,-1.027,7.6,3.33813,70.56743,176.9566,82.1219,258.32683,68.27691
71,CCC/C=C/C=C/c1c(O)cc(CC=C(C)C)c(O)c1C=O,1,11.28747956,-0.067140941,0.154029998,-0.507293744,1.909090909,3.163501711,603.5965777,-2.29,131.8568311,57.53,0.315789474,4.7885,-8.616,-0.75,7.866,3.47635,68.47706,177.46662,86.71329,263.42824,61.08513
72,CCCCC/C=C/c1c(O)cc(CC=C(C)C)c(O)c1C=O,1,11.30549615,-0.043047971,0.154029804,-0.507293942,1.909090909,3.058554973,564.5332948,-2.03,132.5464341,57.53,0.421052632,5.0125,-8.568,-0.875,7.693,2.77186,68.61031,176.04467,91.99962,267.29262,57.354
73,C/C=C/C=C/C=C/c1c(O)cc(CC=C(C)C)c(O)c1C=O,1,11.27630672,-0.081126281,0.154029998,-0.507293744,1.772727273,3.217110289,643.134409,-2.55,131.1672281,57.53,0.210526316,4.5645,-8.271,-0.788,7.483,5.91536,69.29143,166.86853,93.80823,259.92509,65.40265
74,COc1cc(/C=C/C(=O)NCCCCNC(=O)c2ccc(O)cc2)ccc1O,1,11.88735983,-0.222064206,0.250782642,-0.507966196,1.678571429,1.629293063,831.1896284,-3.48,163.2081546,107.89,0.238095238,2.446,-8.87,-0.522,8.348,5.62678,70.67359,178.74709,83.23179,261.22721,65.48269
75,COC(=O)C(Cc1ccc(Oc2ccc(O)cc2)c(O)c1)OC(=O)/C=C/c1ccc(O)c(O)c1,1,12.22156621,-1.279039359,0.347041743,-0.507962229,1.617647059,1.677243964,1199.508237,-4.66,194.2511982,142.75,0.12,3.642,-8.956,-0.779,8.177,5.66994,74.78196,177.50346,79.62921,256.381,74.43727
76,C[C@H](O)C(=O)OCCc1ccc(O)c(O)c1,1,10.89247927,-1.131277242,0.334169109,-0.504259893,2.0625,2.432867069,372.6377134,-1.75,92.91388228,86.99,0.363636364,0.5643,-8.792,-0.137,8.655,1.85086,72.88522,183.11955,91.09782,273.4657,55.45583
77,O=C(CCC(=O)OCCc1ccc(O)c(O)c1)OCCc1ccc(O)c(O)c1,1,11.65259041,-0.538511872,0.305881866,-0.504259893,1.035714286,1.599392386,761.4505537,-3.42,161.1351039,133.52,0.3,2.1608,-8.471,-0.308,8.163,2.24141,73.4337,170.49715,76.9642,246.70968,82.76033
78,C[C@H](Oc1ccc(CC(=O)O)cc1O)C(=O)OCCc1ccc(O)c(O)c1,1,11.9864218,-1.02596157,0.346542228,-0.504259893,1.62962963,1.856933387,830.4545176,-3.42,154.7701618,133.52,0.263157895,1.9837,-8.421,-0.157,8.264,2.20454,75.20959,173.37818,90.32435,262.95086,68.29504
79,O=C(O)CCC(=O)OCCc1ccc(O)c(O)c1,1,11.08382186,-1.045919542,0.305881773,-0.504259893,1.833333333,2.304683198,440.1938178,-2.24,103.4403465,104.06,0.333333333,1.0483,-8.786,-0.12,8.666,3.30246,74.18653,172.31385,100.70089,272.26307,57.95977
80,Cc1ccc(-c2ccc(O)c(O)c2)cn1,1,9.34559634,-0.117523148,0.157512335,-0.504259628,1.666666667,2.452797331,477.4808346,-2.03,87.66155493,53.35,0.083333333,2.46822,-8.878,-0.484,8.394,2.09744,74.86257,186.51641,79.51297,265.27771,65.62117
81,Oc1ccc(-c2cncc(-c3ccc(O)c(O)c3)c2)cc1O,1,9.583427783,-0.203536175,0.157512338,-0.504259628,0.954545455,2.049394748,779.0626484,-3.21,125.9421745,93.81,0,3.238,-8.939,-0.693,8.246,3.66666,75.11163,187.89979,74.42694,261.57506,69.57288
82,O=C(O)Cc1ccc(O)c(O)c1,1,10.22080263,-0.972139078,0.307317159,-0.504259891,1.916666667,2.892758475,305.926212,-1.71,68.7055107,77.76,0.125,0.7249,-8.989,-0.16,8.829,1.53454,76.21572,190.55094,78.94439,268.74366,63.50837
83,O=C(Cc1ccc(O)c(O)c1)OCCc1ccc(O)c(O)c1,1,11.66420782,-0.464731408,0.309766037,-0.504259893,1.363636364,1.819995179,680.3314031,-2.89,126.4002681,107.22,0.1875,1.8374,-8.747,-0.205,8.542,2.1705,75.1725,181.25601,86.3977,266.90204,64.30677
84,Oc1ccc(-c2ccc(O)c(O)c2)cc1O,1,9.323424509,-0.231421485,0.157511411,-0.504259628,0.875,2.502080374,485.0371241,-2.36,91.66543233,80.92,0,2.176,-8.723,-0.37,8.353,2.87228,74.75029,183.4476,83.20727,265.9032,64.8834
85,Oc1ccc(C2OCCc3cc(O)c(O)cc32)cc1O,1,9.643715724,-0.447453704,0.157294292,-0.504259873,1.55,2.088003172,665.5537159,-2.4,114.8679728,90.15,0.2,2.1711,-8.832,-0.216,8.616,4.37229,67.67981,185.67638,80.61198,265.53669,58.17943
86,O=C(Cc1cc(O)c(O)c(O)c1)Nc1ccccc1,1,11.75251087,-0.590539317,0.228298546,-0.504154361,1.578947368,2.07270099,572.6450014,-2.69,109.3124671,89.79,0.071428571,1.9846,-8.964,-0.261,8.703,1.32295,75.95703,183.03759,76.96194,259.24786,72.74548
87,O=C(Cc1cc(O)c(O)c(O)c1)NCc1ccc(O)cc1,1,11.77398069,-0.608100545,0.224190897,-0.507966626,1.476190476,1.940844141,628.6087074,-2.89,120.471643,110.02,0.133333333,1.3679,-8.995,-0.16,8.835,2.59585,67.17206,185.59314,76.07035,260.91182,62.29655
88,O=C(Cc1cc(O)c(O)c(O)c1)NCc1ccc(O)c(O)c1,1,11.79640842,-0.635438316,0.224190914,-0.504259881,1.409090909,1.968072473,690.169127,-3.09,125.2658767,130.25,0.133333333,1.0735,-8.878,-0.36,8.518,3.97457,67.59122,183.506,77.82062,260.57495,63.05258
89,O=C(Cc1cc(O)c(O)c(O)c1)NCCc1cccc(Cl)c1,1,11.81419074,-0.592486609,0.223935595,-0.504154361,1.727272727,1.856049984,664.5911781,-2.4,132.3456176,89.79,0.1875,2.3582,-8.796,-0.231,8.565,1.20701,71.96604,180.01798,82.08148,261.34779,66.65456
90,O=C(Cc1cc(O)c(O)c(O)c1)NCCc1ccc(O)cc1,1,11.78743234,-0.600473712,0.223935595,-0.507966645,1.5,1.840872154,643.7315377,-2.89,126.8365851,110.02,0.1875,1.4104,-8.844,-0.217,8.627,1.33818,73.35628,177.48838,69.6437,246.38041,83.01218
91,O=C(Cc1cc(O)c(O)c(O)c1)NCCc1ccc(O)c(O)c1,1,11.80498635,-0.623799923,0.223935595,-0.504259893,1.434782609,1.865041281,705.5006668,-3.09,131.6308188,130.25,0.1875,1.116,-8.687,-0.359,8.328,3.64242,73.47335,167.63397,77.11963,244.00193,85.50773
92,O=C(Cc1cc(O)c(O)c(O)c1)NCCCc1ccccc1,1,11.79443704,-0.576834014,0.223925003,-0.504154361,1.590909091,1.762319874,617.3572394,-2.69,128.4072934,89.79,0.235294118,2.0949,-8.955,-0.106,8.849,1.3542,73.0074,185.00913,77.47431,261.73177,67.31194
93,COc1cc(O[C@@H]2O[C@H](CO)[C@@H](O)[C@H](O)[C@H]2O)ccc1O,1,9.841314169,-1.513971692,0.228724149,-0.504251687,1.857142857,2.14038583,477.2391062,-1.58,120.2919712,128.84,0.538461538,-1.4205,-8.572,-0.115,8.457,1.72043,74.43103,171.21377,87.22306,257.68516,72.78218
94,O=C(/C=C/c1ccc(O)c(O)c1)OC(Cc1ccc(O)c(O)c1)C(=O)O,1,11.82073245,-1.496006078,0.34488383,-0.504259893,1.538461538,2.046740226,856.2647525,-3.68,147.3963052,144.52,0.111111111,1.7613,-8.959,-0.768,8.191,2.53543,75.17915,188.6151,64.06128,251.92471,79.29075
95,CC(C)c1cc2c(c(O)c1O)[C@]13CCC[C@](C)(C(O)OC1=O)[C@@H]3CC2,1,12.98370386,-1.10587774,0.318847999,-0.504054927,1.96,1.989687823,754.9436749,-1.75,147.1808678,86.99,0.65,3.0868,-8.607,0.01,8.617,4.57713,70.17429,174.2919,86.38108,259.92131,66.28929
96,CC(C)c1cc2c(c(O)c1O)[C@]13CCC[C@](C)(COC1=O)[C@@H]3CC2,1,12.93328719,-0.781839097,0.316541406,-0.504054927,2,1.990595623,722.8393006,-1.71,142.3866341,66.76,0.65,3.7684,-8.572,0.158,8.73,4.3442,71.14281,175.67629,96.96165,271.88627,55.29285
97,CC(C)c1cccc(C(C)C)c1O,0,9.92962963,0.387685185,0.121972941,-0.507363306,1.307692308,3.184631821,260.9259928,-0.98,80.41528956,20.23,0.5,3.639,-8.856,0.291,9.147,1.39154,71.0611,187.34746,92.42319,279.01898,48.07843
98,CNCC(O)c1ccc(O)c(OC)c1,0,9.631678949,-0.588425926,0.160347469,-0.504254587,2.214285714,2.880565264,301.4186269,-1.26,83.14304649,61.72,0.4,0.6536,-8.535,0.1,8.635,2.53201,67.98109,170.99422,104.91722,275.15977,48.85763
99,Oc1ccc(CCBr)cc1,0,8.91317354,0.331780045,0.115094848,-0.507966645,1.8,2.693803452,192.9174942,-0.5,68.82306871,20.23,0.25,2.3296,-9.237,-0.14,9.097,2.18888,74.65076,197.82566,71.07837,268.15236,62.53471
100,CCc1ccc(O)c(Cc2ccc(Cl)cc2)c1,0,9.820324057,0.358472222,0.118621321,-0.507663239,1.647058824,2.254217068,502.8303113,-1.47,106.6808236,20.23,0.2,4.1988,-8.906,-0.343,8.563,2.83854,74.1637,186.96246,87.03847,273.24926,56.95075
101,CCc1c(C)cc(C)c(CC)c1O,0,9.950462963,0.516203704,0.121958446,-0.507364442,1.384615385,3.388835526,285.1407823,-0.98,80.41528956,20.23,0.5,3.13384,-8.69,0.463,9.153,1.41703,74.96757,183.08681,99.76213,282.09727,48.90661
102,CCCN1C[C@H](CSC)C[C@H](c2cccc(O)c2)C1,0,9.664526355,0.394936592,0.115361628,-0.507956191,2.210526316,2.093189761,382.0902524,-0.67,120.7521706,23.47,0.625,3.5707,-8.479,0.056,8.535,1.7795,64.82755,184.00493,93.00427,276.25753,44.60633
103,CCC(C)c1ccc(O)cc1,0,9.011154573,0.344493575,0.115095191,-0.507966642,1.818181818,2.805744532,212.8193159,-0.98,67.68540533,20.23,0.4,2.9057,-8.939,0.123,9.062,1.59737,70.96768,191.29222,88.48633,279.02688,47.97711
104,CCC(C)c1cc(C)cc(C(C)CC)c1O,0,10.3162963,0.433061224,0.122013447,-0.507362583,1.375,3.254364948,323.4477385,-0.98,99.5101159,20.23,0.6,4.72762,-8.55,0.361,8.911,1.48434,71.74923,179.06097,102.46318,280.77248,47.01306
105,Cc1cccc(C(C)(C)C)c1O,0,9.733171296,0.023912037,0.121702282,-0.507374213,1.75,3.262318795,281.5458536,-0.98,74.05034744,20.23,0.454545455,2.99812,-8.833,0.307,9.14,1.38691,77.82672,187.22975,93.37476,279.85284,54.01019
106,CCCCc1cccc(C(C)CC)c1O,0,10.11695673,0.450533825,0.121720985,-0.507373987,2,2.896005542,304.207052,-0.98,93.14517379,20.23,0.571428571,4.2483,-8.845,0.267,9.112,1.5035,72.03997,186.72475,93.03397,279.00705,49.06923
107,Cc1cc(C)c(C(C)C)c(O)c1C(C)C,0,10.2912963,0.37787037,0.122504478,-0.507342313,1.2,3.491050698,329.8417167,-0.98,93.14517379,20.23,0.571428571,4.25584,-8.669,0.488,9.157,1.53318,69.83898,181.4461,83.43628,264.13071,61.74458
108,CNC(C)C(O)c1ccc(O)cc1,0,9.735787037,-0.536481481,0.115098123,-0.507966618,1.769230769,2.76729174,258.1321852,-1.06,78.02950127,52.49,0.4,1.0335,-9.045,0.092,9.137,3.07888,67.95618,170.92889,104.66405,274.84127,49.15122
109,CCCNCCc1cccc(O)c1,0,9.195352183,0.354621782,0.115351016,-0.507956379,2.153846154,2.282663314,247.6005242,-1.02,79.60020963,32.26,0.454545455,1.9343,-8.92,0.072,8.992,1.92397,65.4542,176.46004,101.60215,277.31052,44.17999
110,CONCCc1ccc(O)cc1,0,8.987943988,0.304121026,0.115094853,-0.507966645,2,2.370186,220.475074,-1.06,71.93790913,41.49,0.333333333,1.0857,-9.068,0.003,9.071,1.05711,73.25894,179.4486,97.74687,276.4438,52.85145
111,CCc1ccc(N2CCC[C@@H](c3cccc(O)c3)C2)cc1,0,9.670709187,0.37215017,0.115361949,-0.507956189,1.952380952,1.754843044,590.7702782,-1.96,126.5913284,23.47,0.368421053,4.3386,-8.022,0.017,8.039,2.41317,68.30694,156.86751,119.14556,275.2614,49.08185
112,CN1CCC[C@@H](c2cccc(O)c2)C1,0,9.39600411,0.384931973,0.115361627,-0.507956191,2.285714286,2.135154547,310.9449684,-1.02,85.16929207,23.47,0.5,2.2014,-8.707,0.09,8.797,2.50297,69.79761,165.3323,111.89555,276.47618,49.35774
113,CCCCN1CCC[C@@H](c2cccc(O)c2)C1,0,9.537430017,0.396464501,0.115361627,-0.507956191,2.294117647,1.96660007,350.5299858,-1.02,104.2641184,23.47,0.6,3.3717,-8.606,0.104,8.71,1.67272,69.65244,162.44573,114.66993,276.36399,49.32476
114,CC(C)c1cc(I)cc(C(C)C)c1O,0,10.05074074,0.377051852,0.12204769,-0.507362015,1.357142857,3.322088894,300.0887685,-0.25,99.67712768,20.23,0.5,4.2436,-8.531,-0.099,8.432,2.90404,71.05299,186.41736,83.73174,269.39743,57.69187
115,COc1cc(Cc2cnc(N)nc2N)ccc1O,0,9.501113991,0.099794501,0.221431636,-0.504254602,2.111111111,2.281070492,571.999023,-2.5,104.2452379,107.28,0.166666667,0.946,-8.713,0.024,8.737,1.6068,73.20699,181.69429,95.90504,276.84766,52.39564
116,Oc1cccc(CCCl)c1,0,8.996604308,0.307978395,0.115350903,-0.50795638,2.2,2.746306375,210.1674942,-0.69,65.25878733,20.23,0.25,2.1735,-9.377,-0.175,9.202,1.07773,76.08599,200.81756,62.37319,262.43908,69.68322
117,CCc1cccc(O)c1,0,8.944166667,0.35587963,0.115350007,-0.507956387,2.222222222,2.936866102,193.514053,-0.98,54.9555211,20.23,0.25,1.9546,-9.096,0.16,9.256,1.90662,75.80993,195.01658,85.22288,279.48779,52.35845
118,Oc1cccc([C@@H]2CCCN(CCc3ccccc3)C2)c1,0,9.648045396,0.383249098,0.115361627,-0.507956191,1.904761905,1.581401544,566.7888537,-1.8,126.5913284,23.47,0.368421053,3.8143,-8.861,0.096,8.957,2.05688,69.98269,162.60287,115.35215,277.20335,48.81565
119,Cc1cc(CCc2ccc(F)cc2)cc(C)c1O,0,12.77238581,-0.199007117,0.122727219,-0.507407024,1.388888889,2.08395554,520.518573,-1.83,106.9080349,20.23,0.25,3.93334,-8.781,-0.14,8.641,2.68591,75.25539,185.46438,92.94287,277.65558,53.63612
120,CCCCC(C)c1cccc(CCC)c1O,0,10.18966081,0.469218632,0.121720987,-0.507373987,1.9375,2.823203994,317.211032,-0.98,99.5101159,20.23,0.6,4.6384,-8.845,0.268,9.113,1.5122,71.64264,186.66385,81.24088,267.15306,60.52589
121,CCC(C)c1ccccc1O,0,9.412037037,0.41837963,0.118534572,-0.507665083,2,2.933852306,230.0693159,-0.98,67.68540533,20.23,0.4,2.9057,-8.981,0.197,9.178,0.729,71.46555,191.59549,88.13527,278.97909,48.52277
122,Oc1cccc([C@H]2CCCN(CCc3ccccc3)C2)c1,0,9.648045396,0.383249098,0.115361627,-0.507956191,1.904761905,1.581401544,566.7888537,-1.8,126.5913284,23.47,0.368421053,3.8143,-8.612,0.082,8.694,1.76212,68.03694,164.09651,113.1812,276.52604,47.54721
123,Cc1ccc(CC2=NCCN2)c(C)c1O,0,9.800778061,0.408423091,0.121173643,-0.507396491,2.2,2.248863002,410.3283007,-1.51,89.85464307,44.62,0.416666667,1.55324,-8.944,0.103,9.047,1.86286,72.27435,182.90445,94.52101,276.67379,51.63687
124,C=CCc1ccc(O)cc1,0,8.899063209,0.312789116,0.115095217,-0.507966642,1.9,2.78284959,210.6748049,-1.24,60.63086018,20.23,0.111111111,2.1207,-9.031,0.041,9.072,1.18597,70.94944,192.5664,85.3835,277.19823,49.78752
125,Oc1ccccc1C1CCCC1,0,9.570925926,0.476296296,0.118545305,-0.507664893,1.75,2.259889946,261.461552,-0.98,73.04451629,20.23,0.454545455,3.0498,-9.001,0.128,9.129,0.98881,68.49174,191.72731,87.21192,278.18756,46.34049
126,Oc1ccc(CCNCCCCCc2ccccc2)cc1,0,9.215457877,0.338078944,0.115094853,-0.507966645,1.380952381,1.458955904,492.73462,-1.8,127.3871881,32.26,0.368421053,3.9373,-8.896,0.081,8.977,1.21042,62.89108,164.3103,106.37805,269.93668,48.99071
127,CCCCc1ccc(O)cc1,0,8.982087506,0.352081916,0.11509484,-0.507966645,1.818181818,2.518637943,200.6176914,-0.98,67.68540533,20.23,0.4,2.7348,-8.93,0.114,9.044,1.56698,75.09824,191.33287,88.71974,279.30094,51.83361
128,CCCCCCCCCc1ccc(O)cc1,0,9.148735811,0.364181127,0.11509484,-0.507966645,1.375,2.005636511,263.2683698,-0.98,99.5101159,20.23,0.6,4.6853,-8.922,0.115,9.037,1.40095,75.25239,190.64288,89.15845,279.04966,52.23904
129,CCCC1(c2cccc(O)c2)CCN(C)C1,0,9.608361678,0.266111111,0.115372315,-0.507956002,2.25,2.321696067,359.5079035,-1.02,97.8991763,23.47,0.571428571,2.7656,-8.759,0.119,8.878,2.65913,71.94264,164.70899,113.15642,277.11374,50.86521
130,COc1ccc(O)c(CCN(C)C)c1,0,9.569296107,0.340416667,0.118905765,-0.507670467,2.071428571,2.733262299,297.3390475,-1.22,84.92372634,32.7,0.454545455,1.5049,-8.121,0.287,8.408,2.94839,72.94102,172.10591,112.38727,283.74151,45.23582
131,COc1ccc(CC(C)N)cc1O,0,9.438421202,0.10443972,0.159994497,-0.504248003,2.230769231,2.829746675,284.2532767,-1.22,78.13884126,55.48,0.4,1.2905,-8.639,0.137,8.776,2.10026,68.1761,179.48108,100.68476,279.41417,44.79824
132,Oc1ccc(CC2CCN(CCCc3ccccc3)CC2)cc1,0,9.355352293,0.362949424,0.115094843,-0.507966645,1.565217391,1.357715999,570.5503817,-1.8,139.3212126,23.47,0.428571429,4.2795,-8.628,0.094,8.722,0.60484,69.76447,190.20324,88.35521,277.80678,47.994
133,COc1ccc(O)c(CC(C)N)c1,0,9.468253023,0.039820484,0.118905949,-0.507670274,2.230769231,2.900855794,284.2532767,-1.22,78.13884126,55.48,0.4,1.2905,-8.524,0.003,8.527,3.37656,68.29452,180.02685,97.41509,276.69027,47.64056
134,Oc1ccc(C2CCN(CCCCc3ccccc3)C2)cc1,0,9.378304701,0.360662066,0.115095207,-0.507966642,1.727272727,1.387737101,564.0209325,-1.8,132.9562705,23.47,0.4,4.2044,-8.721,0.253,8.974,2.89873,69.07811,159.61419,116.02268,274.8852,50.22922
135,COc1ccc(O)c(CC(C)N(C)C)c1,0,9.687073885,0.3375,0.118905951,-0.507670272,2.066666667,2.831874095,323.3981999,-1.22,91.28866846,32.7,0.5,1.8934,-8.313,-0.001,8.312,3.18576,71.05992,158.61612,118.56393,276.42838,50.66785
136,CCCN(CCC)CCc1ccc(O)cc1,0,9.192119104,0.349743061,0.115094853,-0.507966645,1.5,2.383460893,275.291745,-1.02,98.90500746,23.47,0.571428571,3.0567,-8.653,0.116,8.769,2.25936,67.09631,161.32224,117.80557,278.37614,44.75648
137,CCC(O)c1ccc(O)cc1,0,9.338518519,-0.406851852,0.115098106,-0.507966618,1.818181818,2.805744532,215.5092718,-1.02,66.11469697,40.46,0.333333333,1.8356,-9.185,-0.058,9.127,0.94002,69.44548,193.71053,79.71642,272.67528,52.80651
138,CC(C)(c1ccccc1)c1ccc(O)cc1,0,9.292966112,-0.032777778,0.115095935,-0.507966636,1.25,2.425705911,454.5534417,-1.76,96.37755742,20.23,0.2,3.7181,-8.937,0.129,9.066,1.16261,80.76444,189.40979,88.27903,276.93715,59.8636
139,CCCN1CCO[C@@H](c2cccc(O)c2)C1,0,9.44381661,0.104074074,0.115448946,-0.507954648,2.375,2.034684225,338.4594083,-1.06,96.64777942,32.7,0.538461538,2.1755,-8.771,0.214,8.985,3.01066,66.73255,167.58122,108.21476,275.04431,47.72455
140,C=CC(C)(C)c1ccc(O)c(CC=C(C)C)c1,0,9.831195673,-0.06207979,0.118600042,-0.507663622,2,3.105569795,434.8384427,-1.5,104.495852,20.23,0.375,4.3645,-8.701,0.318,9.019,1.37331,69.4449,187.64151,91.65642,278.54626,46.93495
141,CCCCCC(O)c1ccc(O)cc1,0,9.756401172,-0.386898148,0.115098106,-0.507966618,1.785714286,2.434759016,253.5291687,-1.02,85.20952331,40.46,0.5,3.0059,-9.128,-0.035,9.093,0.96329,67.95385,190.81034,83.46327,273.52194,50.46822
142,Oc1ccccc1CCN1CCCC1,0,9.56591884,0.436756425,0.118311146,-0.507675244,1.857142857,1.876788583,292.1281328,-1.02,85.16929207,23.47,0.5,2.0305,-8.761,0.132,8.893,2.37659,71.86953,161.47149,116.12943,276.84925,51.05659
143,CCCN1CCCC(c2cccc(O)c2)C1,0,9.499372166,0.393624995,0.115361627,-0.507956191,2.3125,2.034684225,335.2621557,-1.02,97.8991763,23.47,0.571428571,2.9816,-8.648,0.096,8.744,2.45931,69.02093,162.80758,115.39792,277.45383,47.60341
144,Cc1cccc(C(C)C)c1O,0,9.567962963,0.398055556,0.121428397,-0.507385342,1.909090909,3.165083157,251.0497318,-0.98,67.68540533,20.23,0.4,2.82402,-8.875,0.279,9.154,1.31992,70.98175,188.84371,92.15772,280.24976,46.7683
145,CC(C)c1cccc(C2CCCCC2)c1O,0,10.31146636,0.406056075,0.12199404,-0.507362929,1.8125,2.290979224,348.452626,-0.98,98.50428475,20.23,0.6,4.5633,-8.788,0.341,9.129,1.65793,70.41218,184.7525,94.42992,278.43075,48.01774
146,CCCC(C)c1ccccc1O,0,9.507558579,0.42912037,0.118534749,-0.507665081,2,2.793444154,242.5143578,-0.98,74.05034744,20.23,0.454545455,3.2958,-9.013,0.159,9.172,0.75101,70.85962,192.25455,86.94961,278.45249,48.44344
147,Cc1cc(CCc2cccs2)cc(C)c1O,0,9.684997743,0.430438529,0.120903941,-0.507407024,1.8125,2.103642444,448.4806057,-1.28,100.3828628,20.23,0.285714286,3.85574,-8.729,-0.275,8.454,1.12888,72.02057,184.29949,95.1218,278.66962,49.38726
148,CCCN1CCCC(c2ccc(O)cc2)C1,0,9.280840117,0.365716438,0.115095207,-0.507966642,2.0625,2.006204632,318.0121557,-1.02,97.8991763,23.47,0.571428571,2.9816,-8.594,0.076,8.67,2.74426,68.04151,161.91499,114.40826,275.57158,48.50624
149,OC/C=C/c1ccccc1O,0,9.204259259,-0.005620748,0.122283898,-0.507334735,2,2.856629567,253.4945752,-1.28,65.42509393,40.46,0.111111111,1.3977,-9.115,-0.279,8.836,2.3343,67.02003,193.67931,79.45169,272.37933,50.67701
150,CN(C)CC(c1ccccc1O)C1(O)CCCCC1,0,11.02001228,-0.679212963,0.118706249,-0.507662011,1.789473684,2.323405677,410.9648896,-1.06,115.4232943,43.7,0.625,2.7326,-8.675,-0.045,8.63,3.03557,71.57948,158.73536,109.90323,267.88692,59.72887
151,Cc1ccc(C(O)CN)cc1O,0,9.308484505,-0.683796296,0.118353573,-0.507674929,2.166666667,2.962539757,273.2310873,-1.06,71.45458766,66.48,0.333333333,0.69272,-8.964,0.108,9.072,2.34462,67.02038,184.33914,86.57851,270.16598,52.89071
152,Oc1ccc(N(CCCl)CCCl)c(F)c1,0,13.45937831,-0.467376543,0.149667051,-0.507853994,1.8,2.889677835,316.2907399,-0.67,98.21730686,23.47,0.4,2.8153,-8.87,0.007,8.877,4.31799,68.77416,172.47625,81.81104,253.53562,71.27485
153,COCc1cc(C(C)(C)C)c(O)c(C(C)(C)C)c1,0,10.51190004,-0.075560752,0.12254377,-0.507340668,1.333333333,3.483874452,384.6987053,-1.02,110.9886032,29.46,0.625,4.1336,-8.529,0.429,8.958,1.32399,69.84819,176.86796,101.2783,277.39459,48.48991
154,C[C@@H]1CCCN1CCc1ccccc1O,0,9.6318202,0.434583333,0.118311147,-0.507675244,2.2,1.901848641,324.066921,-1.02,91.53423419,23.47,0.538461538,2.419,-8.984,0.179,9.163,1.94828,68.24923,191.95227,86.8187,278.0193,46.26624
155,CCCCCCc1ccc(Oc2cccnc2)c(O)c1,0,10.00996008,0.182263506,0.168630358,-0.504232087,2.05,1.953050163,525.7681427,-2.03,119.805577,42.35,0.352941176,4.7023,-9.289,-0.336,8.953,3.55094,75.68704,185.80995,85.45237,270.51065,61.2127
156,CNC[C@@H]1CCCC[C@@]1(OC)c1cccc(O)c1,0,9.698655203,-0.25,0.115459276,-0.507954458,2.277777778,2.370403137,391.8349208,-1.06,109.1676922,41.49,0.6,2.6435,-8.817,0.046,8.863,1.3188,70.20482,162.99179,121.95372,284.19384,42.04729
157,CCCN(CCC)CCc1ccc(C)c(O)c1,0,9.658461357,0.416697268,0.118255801,-0.50767666,1.705882353,2.492277523,329.6937465,-1.02,105.2699496,23.47,0.6,3.36512,-8.658,0.266,8.924,1.65881,68.53845,163.79277,116.46195,279.50305,45.07171
158,Cc1cc(C(C)(C)C)ccc1O,0,9.309434996,0.165138889,0.118000379,-0.507686928,1.75,3.138261336,281.5458536,-0.98,74.05034744,20.23,0.454545455,2.99812,-8.714,0.282,8.996,0.92632,78.49827,185.04306,96.51536,280.80675,53.72783
159,CCCCC(O)c1cccc(O)c1,0,9.664953704,-0.437916667,0.115447932,-0.507954657,2.153846154,2.597150821,258.022121,-1.02,78.8445812,40.46,0.454545455,2.6158,-9.276,-0.096,9.18,1.81895,68.14237,194.83361,79.39521,273.47715,50.70153
160,COc1ccc(CCc2ccccc2O)cc1OC,0,9.72677326,0.3499784,0.160486762,-0.507675923,1.631578947,2.097183847,549.4403512,-2.16,112.96959,38.69,0.25,3.1946,-8.424,0.085,8.509,1.5149,73.87386,175.48401,99.08975,273.82209,56.08808
161,Oc1ccccc1CCC1=NCCN1,0,9.524157691,0.380645314,0.118275642,-0.507675907,2.142857143,1.942925462,346.8956975,-1.51,83.48970096,44.62,0.363636364,1.3265,-8.997,-0.016,8.981,2.53271,72.17562,171.91128,104.13325,275.29286,52.91907
162,CCN(CC)Cc1cc(OC)c(O)c(OC)c1,0,9.798152715,0.053978647,0.200252752,-0.501699474,1.529411765,2.998169079,336.6773619,-1.42,102.7671558,41.93,0.538461538,2.2512,-8.383,0.238,8.621,1.6792,66.25945,163.70464,111.87345,274.82642,47.46934
163,CCCCc1cc(C)c(O)c(CN)c1,0,9.66741158,0.354396731,0.12247884,-0.507343806,2.071428571,2.914428359,307.4351934,-1.02,85.75518026,46.25,0.5,2.50192,-8.828,0.059,8.887,1.79228,67.32203,187.04838,88.30907,274.60578,48.75256
164,CCCc1cc(CN)c(O)c(CCC)c1,0,9.932577475,0.402039872,0.12276089,-0.507332637,1.666666667,3.066546422,320.557146,-1.02,92.12012237,46.25,0.538461538,2.7559,-8.845,0.033,8.878,1.82827,67.19344,186.9471,87.56599,273.76142,49.46833
165,Cc1cc(C(C)(C)C)cc(CN)c1O,0,9.707722033,0.099583333,0.122479548,-0.5073438,1.857142857,3.303184569,336.9103453,-1.02,85.75518026,46.25,0.5,2.45682,-8.812,0.106,8.918,1.92459,67.41773,186.27189,89.27794,274.79816,48.65588
166,CCCN1CCC(c2cccc(O)c2)C1,0,9.429059666,0.390223634,0.115361634,-0.507956191,2.333333333,2.010730518,324.066921,-1.02,91.53423419,23.47,0.538461538,2.5915,-8.703,0.058,8.761,2.2616,70.0091,162.047,115.6372,276.93253,49.11288
167,NNc1nnc(-c2cccc(O)c2)s1,0,9.254501685,0.208294123,0.219546059,-0.507942369,2.214285714,2.388227429,442.4112524,-1.66,84.19073278,84.06,0,1.1963,-9.247,-1.538,7.709,3.11662,61.90337,181.89011,71.50795,252.64639,65.29329
168,Oc1ccccc1C1C=CCCC1,0,9.628873772,0.42587963,0.118863966,-0.507652657,2.076923077,2.286100689,314.6554448,-1.24,78.71985537,20.23,0.333333333,3.2159,-9.021,0.159,9.18,2.02527,65.83097,203.97088,73.69492,276.91413,44.95315
169,N=C(N)NCCc1ccc(O)cc1,0,9.000577733,-0.015020051,0.185215879,-0.507966645,2,2.370332718,281.4162177,-1.71,76.89556709,82.13,0.222222222,0.41777,-9.068,0.01,9.078,3.14405,73.87722,188.64003,88.36257,276.25093,53.6626
170,Oc1ccc(CCCCN2CCC(c3ccccc3)CC2)cc1,0,9.295509153,0.356515752,0.11509484,-0.507966645,1.565217391,1.338529518,570.5503817,-1.8,139.3212126,23.47,0.428571429,4.5945,-8.615,0.093,8.708,1.17785,66.27322,157.62083,121.38411,278.25327,44.05626
171,Cc1ccc(Cc2ccccc2O)cc1,0,9.62642117,0.373217593,0.118601246,-0.50766359,1.6,2.221797194,443.1508091,-1.76,90.01261531,20.23,0.142857143,3.29142,-8.949,0.111,9.06,1.11018,73.944,190.52034,86.30471,276.07338,53.90693
172,CCCCC/C=C/CC[C@@H](O)[C@@H](Cc1ccc(O)cc1)NC,0,10.31983813,-0.361949195,0.115094856,-0.507966645,1.772727273,2.311554138,413.9482893,-1.32,134.6243773,52.49,0.578947368,3.8003,-8.647,0.325,8.972,3.91559,66.48591,166.64856,101.26248,267.15937,55.36285
173,CC[C@H](C)c1cccc([C@H](C)CC)c1O,0,10.19185185,0.438894558,0.121993672,-0.507362932,1.4,3.106332489,288.864781,-0.98,93.14517379,20.23,0.571428571,4.4192,-8.854,0.273,9.127,1.43643,72.0256,186.68546,92.59647,278.53026,49.53165
174,Cc1ccc(O)c(C(C)(C)c2ccccc2)c1,0,10.03189957,-0.183171296,0.119171468,-0.507640891,1.588235294,2.55044825,512.3033174,-1.76,102.7424995,20.23,0.25,4.02652,-8.763,0.189,8.952,1.32806,78.26541,184.38169,93.96249,277.59251,56.70921
175,CC(c1ccccc1)c1cc(C(C)(C)C)ccc1O,0,10.13242252,0.096089144,0.118896756,-0.507652095,1.578947368,2.445415273,549.6481208,-1.76,115.4723838,20.23,0.333333333,4.8415,-8.711,0.119,8.83,1.7949,69.07684,181.80627,97.19005,278.24465,46.8685
176,CC(C)(C)c1cc(C(C)(C)CO)cc(C(C)(C)C)c1O,0,10.66042611,-0.311805556,0.122541582,-0.507340686,1.15,3.680257837,450.1152907,-1.02,123.399176,40.46,0.666666667,4.2571,-8.678,0.273,8.951,2.99387,76.90963,176.53236,98.86155,274.64224,58.3037
177,CN(C)CCOc1cccc(O)c1,0,9.131157722,0.238289872,0.122548257,-0.507823197,2.153846154,2.366054169,260.8565878,-1.22,78.55878423,32.7,0.4,1.3326,-8.961,0.245,9.206,0.92706,71.22752,168.03096,104.26028,271.53957,55.72426
178,CN[C@@H](C)Cc1ccc(O)cc1,0,9.032363867,0.329500661,0.115094856,-0.507966645,1.916666667,2.582474737,230.0988247,-1.02,73.23526751,32.26,0.4,1.5426,-8.855,0.122,8.977,2.71087,68.39261,174.19168,105.11048,278.55049,45.87843
179,CCCN[C@H](CO)Cc1ccc(O)cc1,0,9.156680367,0.106011905,0.115094856,-0.507966645,1.933333333,2.467640369,271.4555377,-1.06,90.75938549,52.49,0.5,1.2952,-8.79,0.023,8.813,3.07174,63.96935,165.17625,111.34507,275.76965,44.23601
180,Oc1ccccc1CN1CCCCC1,0,9.614495229,0.428771731,0.11957077,-0.507623843,1.785714286,1.988377933,292.1281328,-1.02,85.16929207,23.47,0.5,2.3781,-8.411,0.153,8.564,0.69692,64.83752,154.88525,116.43018,270.56376,50.31007
181,CCCNCCCCc1c(C)cc(C)c(O)c1C,0,9.971901046,0.471951838,0.121179578,-0.507396362,1.777777778,2.497636998,385.1736172,-1.02,111.4249202,32.26,0.625,3.63976,-8.57,0.362,8.932,2.56259,66.19656,159.12934,123.18113,281.5588,40.67407
182,CN1CCC(C)(c2cccc(O)c2)CC1,0,9.499722852,0.241319444,0.115371299,-0.507956011,1.933333333,2.219466092,340.144119,-1.02,91.53423419,23.47,0.538461538,2.3755,-8.75,0.188,8.938,2.14663,70.28353,163.88897,115.98738,279.12468,47.19516
183,CN(C)C(c1cccc(O)c1)C1COCOC1,0,9.561082294,0.196666667,0.146237654,-0.507955319,2,2.214124525,361.4371369,-1.1,101.7613246,41.93,0.538461538,1.6154,-8.947,0.229,9.176,0.99124,63.73205,166.16269,111.70554,277.11656,42.6518
184,Cc1cc(CCc2ccc(O)cc2)on1,0,9.116738722,0.300240484,0.136823874,-0.507966645,1.933333333,1.957277141,431.1376985,-1.77,88.34289097,46.26,0.25,2.47382,-9.159,-0.077,9.082,3.94658,75.26477,195.52146,79.31531,274.0851,57.21598
185,NCC(O)c1cccc(OCCCO)c1O,0,9.786605253,-0.901489066,0.163118823,-0.503997109,2.125,2.777448543,329.7606431,-1.3,94.09225087,95.94,0.454545455,0.1455,-9.002,-0.169,8.833,5.63096,65.85471,182.09129,77.06479,258.40441,63.48661
186,COc1ccc(CCCc2cccc(O)c2)cc1,0,9.373208478,0.34439581,0.118377736,-0.507956386,1.666666667,1.841316175,488.7050765,-1.96,107.8560448,29.46,0.25,3.5761,-8.701,0.125,8.826,1.47881,75.70675,177.8704,100.07248,277.19121,54.55185
187,CN(C)Cc1ccc(CCCc2ccccc2)cc1O,0,10.02993317,0.412880658,0.119845688,-0.507613225,1.6,1.88721293,534.3694153,-1.8,121.2322174,23.47,0.333333333,3.6291,-8.649,0.293,8.942,2.91448,70.62762,161.17056,118.99767,279.41656,47.24737
188,Nc1nc(Cc2ccc(O)cc2)c[nH]1,0,9.085073749,0.273418236,0.197187728,-0.507966642,2,2.14616141,419.187084,-1.97,81.41637229,74.93,0.1,1.2883,-8.991,0.062,9.053,2.21607,73.79253,175.80039,101.03625,276.08497,53.74387
189,CCCCNCc1ccc(O)cc1,0,9.045910034,0.330840918,0.115096492,-0.507966632,1.923076923,2.248742646,230.3505242,-1.02,79.60020963,32.26,0.454545455,2.2819,-8.927,-0.03,8.897,2.262,67.51711,174.82538,101.35934,275.43305,48.12037
190,CCCCCc1cc(O)ccc1C,0,9.294031951,0.386202286,0.115369906,-0.507956038,2,2.589605875,265.8270286,-0.98,80.41528956,20.23,0.5,3.43332,-8.775,0.247,9.022,2.36337,74.52183,186.5628,94.64855,280.45968,50.09846
191,Cc1cc(C)c(Nc2cccc(O)c2)c(C)c1,0,9.433794617,0.275386852,0.117148758,-0.507886146,1.588235294,2.363382157,523.3632378,-1.96,101.9274196,32.26,0.2,4.06106,-8.308,0.121,8.429,3.20151,80.71859,168.76383,110.17144,278.1836,58.5713
192,CCCNCCc1ccccc1O,0,9.439263432,0.403517101,0.118310987,-0.507675246,2,2.322038581,247.6005242,-1.02,79.60020963,32.26,0.454545455,1.9343,-8.672,0.005,8.677,2.92207,69.35242,168.18889,107.72375,275.16097,50.22776
193,CCCN(CCC)CCc1ccccc1O,0,9.664684272,0.426339758,0.118311146,-0.507675244,1.625,2.448487934,292.541745,-1.02,98.90500746,23.47,0.571428571,3.0567,-8.493,0.139,8.632,1.98311,67.3483,156.59508,120.96606,276.80947,46.57514
194,COc1ccc(CCCc2cccc(O)c2)c(OC)c1,0,9.435381556,0.323637065,0.125240697,-0.507956386,1.8,1.967248118,563.9116166,-2.16,119.3345321,38.69,0.294117647,3.5847,-8.636,0.273,8.909,2.00586,74.43431,188.52646,92.78424,280.55903,49.91159
195,CC[C@@H](C)c1cccc([C@H](C)CC)c1O,0,10.19185185,0.438894558,0.121993672,-0.507362932,1.4,3.106332489,288.864781,-0.98,93.14517379,20.23,0.571428571,4.4192,-8.854,0.273,9.127,1.43684,72.12803,186.68541,92.59732,278.53106,49.63328
196,Oc1ccc(CCCc2ccccc2)cc1,0,9.160096213,0.339638309,0.11509484,-0.507966645,1.25,1.82282269,416.9477564,-1.76,96.37755742,20.23,0.2,3.5675,-8.913,0.123,9.036,1.00239,75.78689,188.89444,89.68045,277.82322,53.99998
197,CC1CCC(c2ccc(O)cc2)CC1,0,9.197096823,0.373081013,0.115095194,-0.507966642,1.571428571,2.046475567,280.608802,-0.98,85.77440052,20.23,0.538461538,3.6859,-8.926,0.127,9.053,1.49716,72.96815,190.42184,88.77963,278.4498,50.55466
