,label,SMILES,MaxEStateIndex,MinEStateIndex,MaxPartialCharge,MinPartialCharge,FpDensityMorgan2,BalabanJ,BertzCT,HallKierAlpha,LabuteASA,TPSA,FractionCSP3,MolLogP,HOMO,LUMO,gap,dipole,BDE,IP,PDE,PA,ETE
0,alkaloid,O=C1C[C@@H]2OCC=C3CN4CC[C@]56c7ccccc7N1[C@H]5[C@H]2[C@H]3C[C@H]46,13.17521,0.10351,0.22942,-0.37323,2.16,1.55242,848.05273,-1.65,146.97568,32.78,0.57143,2.0925,-8.551,0.17,8.721,4.03536,69.10277,171.53929,114.33751,285.12513,40.01395
1,alkaloid,C[C@H]1CC[C@@H]2N(C1)C[C@@H]1[C@H](CC[C@H]3[C@@H]4CC(=O)[C@H]5C[C@@H](O)CC[C@]5(C)[C@H]4C[C@H]31)[C@]2(C)O,13.24684,-0.57044,0.13643,-0.39311,1.70968,1.30715,750.76358,-0.45,187.70258,60.77,0.96296,3.8863,-8.817,1.015,9.832,7.79047,68.81467,157.74908,132.31471,289.31212,35.53886
2,alkaloid,CNCC(O)c1ccc(O)cc1,9.46727,-0.50407,0.1151,-0.50797,1.91667,2.68177,232.78878,-1.06,71.66456,52.49,0.33333,0.645,-8.94,-0.102,8.838,1.86966,69.0628,173.46956,97.61995,270.33784,54.76127
3,alkaloid,C=C[C@H]1CN2CC[C@H]1C[C@@H]2[C@@H](O)c1ccnc2ccc(OC)cc12,11.15186,-0.50354,0.11912,-0.49674,2.29167,1.68709,760.3873,-1.91,142.31343,45.59,0.45,3.1732,-8.703,-0.629,8.074,4.7936,69.21945,181.33219,101.79251,282.37303,42.88273
4,alkaloid,O=c1c2ccccc2nc2n1CCc1c-2[nH]c2ccccc12,12.70716,0.04621,0.2612,-0.35175,1.77273,1.92714,1104.42001,-2.88,125.59583,50.68,0.11111,3.1009,-8.67,-1.1,7.57,2.05238,70.50248,181.03154,90.2566,270.53647,56.00232
5,alkaloid,COc1ccc2c(c1OC)C(=O)O[C@@H]2[C@H]1c2c(cc3c(c2OC)OCO3)CCN1C,12.87456,-0.52257,0.34269,-0.49284,1.86667,1.68523,1034.87661,-3.13,173.72305,75.69,0.40909,2.8818,-8.488,-0.331,8.157,5.43071,67.2781,183.62659,96.49812,279.37304,43.94137
6,alkaloid,COC(=O)[C@H]1[C@@H](O)CC[C@H]2CN3CCc4c([nH]c5ccccc45)[C@@H]3C[C@@H]21,12.37502,-0.5685,0.31109,-0.46871,2.15385,1.52248,844.89381,-1.85,152.87812,65.56,0.57143,2.6471,-8.206,0.097,8.303,4.38997,62.46613,168.97723,113.06881,281.29437,37.20807
7,alkaloid,COc1ccc(Cc2nccc3cc(OC)c(OC)cc23)cc1OC,5.42702,0.67379,0.16092,-0.49287,1.36,2.03987,892.2437,-2.95,146.6687,49.81,0.25,3.86,-8.358,-0.577,7.781,2.85904,75.12957,178.41425,99.52876,277.19134,53.97454
8,alkaloid,COc1ccc2c(c1)[nH]c1c(C)nccc12,5.2129,0.86543,0.12048,-0.49669,2.0625,2.45258,670.05499,-2.03,93.06697,37.91,0.15385,3.03312,-8.513,-0.445,8.068,3.4394,81.88407,179.4833,96.10183,274.83346,63.08692
9,alkaloid,CC1=C2C(=O)[C@H]3[C@@H](CC=C4C[C@@H](O)CC[C@@]43C)[C@@H]2CC[C@]12O[C@@H]1C[C@H](C)CN[C@H]1[C@H]2C,14.1205,-0.2626,0.16295,-0.3928,2.03226,1.38572,875.70733,-0.97,186.43272,58.56,0.81481,4.1809,-9.124,0.087,9.211,5.52212,65.59028,177.09869,110.19275,286.53977,35.08682
10,alkaloid,CNC[C@H](O)c1ccc(O)cc1,9.46727,-0.50407,0.1151,-0.50797,1.91667,2.68177,232.78878,-1.06,71.66456,52.49,0.33333,0.645,-8.94,-0.102,8.838,1.86941,69.0628,173.4691,97.6204,270.33783,54.76128
11,alkaloid,COc1ccc2cc1Oc1ccc(cc1)C[C@H]1c3cc(c(OC)cc3CCN1C)Oc1c(O)c(OC)cc3c1[C@H](C2)N(C)CC3,11.64264,-0.08104,0.2013,-0.50168,1.28889,1.45324,1736.6148,-4.4,264.21107,72.86,0.35135,6.8594,-8.145,0.154,8.299,5.37789,59.64882,149.49635,128.19451,276.93919,38.74594
12,alkaloid,COc1ccc2c3c1O[C@H]1C[C@@H](O)C=C[C@@]31CCN(C)C2,9.97287,-0.4117,0.16568,-0.49286,2.28571,1.95444,612.29794,-1.52,124.51983,41.93,0.52941,1.8503,-8.334,0.137,8.471,1.86569,64.92677,163.03482,109.28984,271.57299,49.39009
13,alkaloid,C1CCN2C[C@H]3C[C@H](CN4CCCC[C@H]34)[C@@H]2C1,2.86932,0.961,0.01359,-0.29973,1.17647,1.56116,262.64641,-0.08,105.34478,6.48,1,2.3451,-8.311,3.009,11.32,0.6671,63.09968,155.00902,172.93455,327.1919,-8.05591
14,alkaloid,O[C@H]1C=C2CCN3Cc4cc5c(cc4[C@H]([C@@H]1O)[C@@H]23)OCO5,10.53818,-0.78003,0.2308,-0.45358,1.95238,1.6984,655.92222,-1.56,121.94329,62.16,0.5,0.7486,-8.79,-0.202,8.588,3.61297,59.09217,164.24166,118.06016,281.55015,33.57833
15,alkaloid,CN[C@@H](C)[C@@H](O)c1ccccc1,9.72653,-0.42019,0.09397,-0.38679,1.83333,2.71104,222.54001,-0.86,73.23527,32.26,0.4,1.3279,-8.884,-0.008,8.876,1.76665,66.01354,169.69941,124.02444,292.97218,29.07767
16,alkaloid,COc1cc(/C=C/C(=O)N2CCC=CC2=O)cc(OC)c1OC,12.11109,-0.35361,0.25294,-0.49269,1.78261,2.23342,637.94273,-2.76,134.48424,65.07,0.29412,2.0407,-8.648,-0.593,8.055,4.90688,73.45078,165.47796,102.56599,267.29228,62.19481
17,alkaloid,O=C1CCC[C@@H]2[C@H]3CCCN4CCC[C@H](CN12)[C@@H]34,12.17637,0.45129,0.22234,-0.33904,1.83333,1.65685,354.40276,-0.57,109.50631,23.55,0.93333,1.8717,-8.617,1.765,10.382,4.54516,65.39042,161.18089,142.15632,302.58554,18.84119
18,alkaloid,COc1cc2c(cc1OC)C1Cc3ccc(OC)c(OC)c3CN1CC2,5.66243,0.35107,0.16498,-0.49286,1.57692,1.76374,833.24617,-2.4,153.97533,40.16,0.42857,3.3765,-8.112,0.276,8.388,3.60844,64.95838,166.86726,125.36332,291.47891,29.51578
19,alkaloid,O=C1CCC[C@@H]2[C@H]3CCCN4CCC[C@@H](CN12)[C@@H]34,12.17637,0.45129,0.22234,-0.33904,1.83333,1.65685,354.40276,-0.57,109.50631,23.55,0.93333,1.8717,-8.506,1.752,10.258,5.05998,64.75204,159.42025,144.96951,303.63809,17.15026
20,alkaloid,COc1cc2c(cc1OC)[C@@]13CCN4CC5=CCO[C@H]6CC(=O)N2[C@H]1[C@H]6[C@H]5C[C@H]43,13.45724,-0.0242,0.22942,-0.49286,2.03448,1.52193,973.86968,-2.05,169.93265,51.24,0.6087,2.1097,-7.889,0.272,8.161,3.88858,69.09937,158.97224,124.22549,282.44606,42.68962
21,alkaloid,CC[C@@]1(O)C(=O)OCc2c1cc1n(c2=O)Cc2cc3ccccc3nc2-1,13.01045,-1.78975,0.34268,-0.4582,2.07692,1.81341,1164.42031,-2.99,148.22824,81.42,0.25,2.0796,-9.174,-1.694,7.48,9.33677,67.89355,187.40218,68.60172,255.25223,68.67763
22,alkaloid,CN1c2ccccc2C(=O)N2CCc3c([nH]c4ccccc34)C21,12.90688,-0.04764,0.25742,-0.35489,1.86957,1.74731,942.69265,-2.75,133.87356,39.34,0.21053,3.3148,-8.33,-0.473,7.857,3.85156,63.79207,171.80459,103.13705,274.18997,45.63841
23,alkaloid,CN(C)Cc1c[nH]c2ccccc12,3.26685,0.99009,0.04568,-0.36084,2,2.45659,401.13741,-1.28,78.17689,19.03,0.27273,2.2295,-8.364,0.04,8.404,0.54203,66.8075,174.36687,103.51101,277.12621,45.7176
24,alkaloid,CC[C@]12CCCN3CCc4c(n(c5ccccc45)[C@@](O)(C(=O)OC)C1)[C@@H]32,12.82983,-1.63016,0.35938,-0.46545,2.15385,1.89427,904.0384,-1.85,153.08809,54.7,0.57143,2.9525,-8.321,-0.023,8.298,1.74468,69.28963,167.89618,109.68158,276.82609,48.49985
25,alkaloid,CCN1C[C@]2(OC(=O)c3ccccc3NC(C)=O)CC[C@H](OC)[C@]34C1[C@H](C[C@H]23)[C@@]1(O)C[C@H](OC)[C@H]2C[C@@H]4[C@]1(O)[C@H]2OC,14.02408,-1.4762,0.34036,-0.45373,1.83333,1.37936,1292.72012,-2.08,246.5603,126.79,0.75,2.2216,-8.453,-0.522,7.931,3.81982,65.51089,177.09381,95.89793,272.24007,49.30713
26,alkaloid,C[C@H]1CC[C@@H]2N(C1)C[C@@H]1[C@H](CC[C@H]3[C@@H]4C[C@H](O)[C@H]5C[C@@H](O)CC[C@]5(C)[C@H]4C[C@H]31)[C@]2(C)O,11.82945,-0.55289,0.08049,-0.39312,1.54839,1.30107,710.59512,-0.16,188.33529,63.93,1,3.6781,-8.487,2.75,11.237,2.52139,67.00007,156.53445,145.84551,301.62829,21.40809
27,alkaloid,OC[C@H]1O[C@@H](Oc2c[nH]c3ccccc23)[C@H](O)[C@@H](O)[C@@H]1O,9.94023,-1.45268,0.22884,-0.45974,1.85714,1.82977,612.28497,-1.64,119.91008,115.17,0.42857,-0.6534,-8.571,-0.254,8.317,2.22049,73.63246,170.59137,86.72126,256.56096,73.10781
28,alkaloid,COc1ccc2cc1Oc1ccc(cc1)C[C@H]1c3cc(c(OC)cc3CCN1C)Oc1c(OC)c(OC)cc3c1[C@H](C2)N(C)CC3,7.02938,0.00044,0.20382,-0.49284,1.23913,1.46694,1753.79042,-4.4,270.89532,61.86,0.36842,7.1624,-8.249,0.287,8.536,3.92058,62.70382,152.58561,130.96406,282.798,35.94213
29,alkaloid,CN1C[C@H](C(=O)N[C@]2(C)O[C@@]3(O)[C@@H]4CCCN4C(=O)[C@H](Cc4ccccc4)N3C2=O)C=C2c3cccc4[nH]cc(c34)C[C@H]21,14.1727,-2.04208,0.28022,-0.36087,1.97674,1.11158,1701.84892,-3.99,248.81617,118.21,0.42424,1.9908,-8.422,-0.416,8.006,7.03646,61.84305,173.17763,90.302,262.72796,55.1514
30,alkaloid,O=C1C(c2c(O)[nH]c3ccccc23)=Nc2ccccc21,12.43526,-0.15217,0.21388,-0.49407,1.75,1.98511,890.38319,-2.88,113.95445,65.45,0,3.1906,-8.504,-1.477,7.027,1.71671,73.32556,173.82181,80.28542,253.35556,76.00631
31,alkaloid,CN1[C@H]2CC[C@@H]1CC(OC(=O)C(CO)c1ccccc1)C2,12.36239,-0.5662,0.31555,-0.46172,1.90476,1.63268,476.0684,-1.39,125.26324,49.77,0.58824,1.9309,-9.145,0.038,9.183,1.95759,74.96218,164.23314,108.44181,271.92328,59.07521
32,alkaloid,O=C(/C=C/C=C/c1ccc2c(c1)OCO2)N1CCCCC1,11.93149,0.10189,0.24605,-0.4536,1.85714,1.55965,571.39799,-2.23,124.20334,38.77,0.35294,2.9972,-8.793,-0.784,8.009,4.18494,70.60415,175.93393,105.11843,280.30069,46.33977
33,alkaloid,CC[C@@H]1C(=O)OC[C@@H]1Cc1cncn1C,11.3845,-0.03734,0.30885,-0.46512,2.46667,2.0647,359.22482,-1.32,89.25896,44.12,0.63636,1.1618,-9.411,0.43,9.841,7.40375,75.38955,198.13524,84.57113,281.9547,49.47116
34,alkaloid,CN1CCc2cc3c(cc2[C@H]1[C@@H]1OC(=O)c2c1ccc1c2OCO1)OCO3,12.66319,-0.41072,0.34269,-0.45358,1.74074,1.48915,986.92261,-2.93,154.87379,66.46,0.35,2.5847,-8.595,-0.795,7.8,3.96557,68.33542,172.67495,110.05545,281.97873,42.393
35,alkaloid,O=C1C=CC[C@@H]2[C@H]3CCCN4CCC[C@@H](CN12)[C@@H]34,12.08956,0.27074,0.24601,-0.3352,2,1.68387,389.95484,-0.83,108.8167,23.55,0.8,1.6477,-8.652,0.032,8.684,3.47864,64.3568,164.48813,118.87875,282.61521,37.7779
36,alkaloid,Cn1c(=O)c2[nH]cnc2n(C)c1=O,11.44079,-0.37074,0.3317,-0.33872,2,3.21185,574.17056,-1.85,72.45404,72.68,0.28571,-1.0397,-9.173,-0.627,8.546,2.96801,79.10124,192.15815,72.29474,263.70122,71.43633
37,alkaloid,COc1cc2c(cc1OC)[C@@H]1Cc3ccc(OC)c(OC)c3CN1CC2,5.66243,0.35107,0.16498,-0.49286,1.57692,1.76374,833.24617,-2.4,153.97533,40.16,0.42857,3.3765,-8.112,0.277,8.389,3.6106,64.95853,166.86711,125.55145,291.66689,29.32795
38,alkaloid,Cn1c(=O)[nH]c2ncn(C)c2c1=O,11.51315,-0.44796,0.32932,-0.32787,2.07692,3.15764,574.17056,-1.85,72.45404,72.68,0.28571,-1.0397,-9.285,-0.579,8.706,4.22746,77.42017,194.55564,76.82581,270.62978,62.8267
39,alkaloid,COc1cc(CNC(=O)CCCC/C=C/C(C)C)ccc1O,11.76894,0.05545,0.21976,-0.50425,2.13636,2.22983,495.10568,-1.97,132.74027,58.56,0.5,3.7896,-8.833,-0.051,8.782,5.42442,65.50009,196.3824,73.16972,268.80045,52.73595
40,alkaloid,COc1cc2c(c(OC)c1OC)-c1ccc(OC)c(=O)cc1[C@@H](NC(C)=O)CC2,12.64214,-0.33204,0.22022,-0.4927,1.65517,2.41413,1001.39492,-3.22,169.10472,83.09,0.36364,2.8716,-8.549,-0.302,8.247,6.24974,66.34264,164.65287,102.96801,266.86921,55.50974
41,alkaloid,CCc1c2c(nc3ccc(OC(=O)N4CCC(N5CCCCC5)CC4)cc13)-c1cc3c(c(=O)n1C2)COC(=O)[C@]3(O)CC,13.58117,-1.86397,0.41473,-0.4582,1.83721,1.16328,1685.11996,-3.76,249.75556,114.2,0.51515,4.0911,-8.92,-1.401,7.519,11.13254,65.38782,167.10017,94.56013,260.90863,60.5155
42,alkaloid,O=c1cccc2n1C[C@@H]1CNC[C@H]2C1,11.63753,0.16583,0.25023,-0.31572,2.28571,2.14693,409.99371,-1.09,82.7504,34.03,0.54545,0.555,-8.742,-0.187,8.555,3.64188,66.58732,176.98035,108.81769,285.04637,37.57726
43,alkaloid,CN1CCC[C@H]1c1cccnc1,4.13704,0.60991,0.03603,-0.29931,2.5,2.19459,245.27531,-0.89,73.22976,16.13,0.5,1.8483,-8.81,-0.223,8.587,1.16189,65.27794,167.95163,123.65966,290.85962,30.45463
44,alkaloid,Cn1c(=O)c2c(ncn2C)n(C)c1=O,11.67204,-0.36,0.3317,-0.32786,1.78571,3.22128,616.52859,-1.85,79.02896,61.82,0.375,-1.0293,-8.976,-0.445,8.531,3.677,77.23427,187.37269,93.37441,279.99543,53.27515
45,alkaloid,COC(=O)[C@H]1[C@H]2C[C@@H]3c4[nH]c5cc(OC)ccc5c4CCN3C[C@H]2C[C@@H](OC(=O)c2cc(OC)c(OC)c(OC)c2)[C@@H]1OC,13.54335,-0.67012,0.33827,-0.49669,1.65909,1.29356,1526.48178,-3.96,256.17342,117.78,0.51515,4.1711,-7.881,-0.568,7.313,1.68529,62.36474,157.12797,110.69889,267.07519,51.32586
46,alkaloid,CN1[C@H]2CC(OC(=O)[C@H](CO)c3ccccc3)C[C@@H]1[C@H]1O[C@@H]21,12.42388,-0.59325,0.31555,-0.46172,1.95455,1.42,545.03718,-1.43,129.37095,62.3,0.58824,0.9181,-8.993,-0.144,8.849,2.72906,74.1031,173.68385,94.49478,267.42696,62.71245
47,alkaloid,C=C[C@H]1CN2CC[C@H]1C[C@H]2[C@H](O)c1ccnc2ccc(OC)cc12,11.15186,-0.50354,0.11912,-0.49674,2.29167,1.68709,760.3873,-1.91,142.31343,45.59,0.45,3.1732,-8.68,-0.746,7.934,3.08154,69.54461,152.52925,131.26381,283.04139,42.53953
48,alkaloid,N[C@@H](Cc1ccc(O)c(O)c1)C(=O)O,10.41862,-1.09948,0.32032,-0.50426,2,2.77727,350.66523,-1.75,80.41034,103.78,0.22222,0.0522,-8.88,-0.034,8.846,2.12349,60.64387,197.90004,66.23945,263.38782,53.29236
49,flavonoid,O=c1c(O)c(-c2ccc(O)c(O)c2)oc2cc(O)ccc12,12.08204,-0.65388,0.23453,-0.50782,1.61905,2.33991,909.91628,-3.15,117.31344,111.13,0,2.2824,-8.669,-1.076,7.593,3.50833,74.07665,179.01078,76.24445,254.50356,75.6094
50,flavonoid,COc1ccc2c(c1)C(=O)CC(c1ccccc1)O2,12.20184,-0.19945,0.17029,-0.49674,1.94737,1.94602,604.64604,-2.29,111.33105,35.53,0.1875,3.4017,-8.719,-0.679,8.04,1.1765,70.9233,180.56786,102.14851,281.9647,44.99491
51,flavonoid,O=C1CC(c2ccccc2)Oc2ccccc21,11.98924,-0.15407,0.17015,-0.4845,1.64706,1.9684,545.85809,-2.09,99.85256,26.3,0.13333,3.3931,-9.357,-0.61,8.747,2.49246,71.22253,210.95947,72.133,282.3408,44.91804
52,flavonoid,O=C1CC(c2ccccc2O)Oc2ccccc21,12.01891,-0.4087,0.17015,-0.50753,1.77778,1.99944,604.19264,-2.29,104.64679,46.53,0.13333,3.0987,-9.187,-0.377,8.81,2.9343,70.36927,197.25709,70.51766,267.02308,59.3825
53,flavonoid,COc1ccc([C@@H]2CC(=O)c3c(O)cc(O[C@@H]4O[C@H](CO[C@@H]5O[C@@H](C)[C@H](O)[C@@H](O)[C@H]5O)[C@@H](O)[C@H](O)[C@H]4O)cc3O2)cc1O,12.8926,-1.77124,0.22873,-0.50691,1.53488,1.304,1319.30387,-3.25,244.50674,234.29,0.53571,-1.1566,-9.024,-0.327,8.697,7.01059,62.40338,188.4781,54.19665,241.92308,76.51661
54,flavonoid,O=C(O[C@@H]1Cc2c(O)cc(O)cc2O[C@@H]1c1ccc(O)c(O)c1)c1cc(O)c(O)c(O)c1,12.70408,-1.06252,0.33834,-0.50768,1.5,1.72135,1196.56879,-4.47,179.94778,177.14,0.13636,2.5276,-9.128,-0.693,8.435,4.69563,74.23948,184.87149,63.39537,247.51519,82.7606
55,flavonoid,O=C1CC(c2ccccc2)Oc2cc(O)ccc21,12.01891,-0.27037,0.17016,-0.50782,1.88889,1.98363,589.94264,-2.29,104.64679,46.53,0.13333,3.0987,-9.475,-0.511,8.964,1.36701,71.45601,211.09267,51.21685,261.55785,65.93447
56,flavonoid,COc1ccc(-c2oc3cc(O)cc(O)c3c(=O)c2O)cc1,12.20131,-0.77355,0.23829,-0.50768,1.72727,2.3,908.55273,-3.15,123.99769,100.13,0.0625,2.5854,-8.785,-1.035,7.75,4.5272,76.27527,179.04115,77.30597,255.59545,76.71613
57,flavonoid,O=C1CC(c2ccccc2)Oc2ccc(O)cc21,12.03035,-0.24005,0.17029,-0.50794,1.88889,1.97208,589.94264,-2.29,104.64679,46.53,0.13333,3.0987,-8.875,-0.727,8.148,1.7433,71.56152,184.96125,88.82459,273.03417,54.56366
58,flavonoid,O=c1cc(-c2ccccc2)oc2ccccc12,11.91285,-0.00861,0.19282,-0.45582,1.52941,2.29999,711.57338,-2.35,98.1365,30.21,0,3.46,-9.465,-1.064,8.401,4.27454,102.32287,199.20789,111.66116,310.11738,48.2418
59,flavonoid,COc1ccc(-c2oc3c(CC=C(C)C)c(O[C@@H]4O[C@H](CO)[C@@H](O)[C@H](O)[C@H]4O)cc(O)c3c(=O)c2O[C@@H]2O[C@@H](C)[C@H](O)[C@@H](O)[C@H]2O)cc1,14.25064,-1.77208,0.23864,-0.50689,1.5,1.71302,1679.28008,-3.77,273.92579,238.2,0.48485,0.0679,-8.856,-0.854,8.002,5.10358,69.40197,184.09786,65.2155,248.56169,76.87659
60,flavonoid,COc1c(O[C@@H]2O[C@H](C(=O)O)[C@@H](O)[C@H](O)[C@H]2O)cc(O)c2c(=O)cc(-c3ccccc3)oc12,12.70508,-1.90676,0.33534,-0.50689,1.72727,1.81247,1236.56092,-3.64,185.15859,176.12,0.27273,0.4452,-9.176,-1.17,8.006,6.56252,80.27066,182.12008,73.7053,255.07371,81.23326
61,flavonoid,C[C@@H]1O[C@@H](O[C@H]2[C@H](Oc3cc(O)c4c(c3)O[C@H](c3ccc(O)cc3)CC4=O)O[C@H](CO)[C@@H](O)[C@@H]2O)[C@H](O)[C@H](O)[C@H]1O,12.86024,-1.74636,0.22914,-0.50797,1.58537,1.41069,1237.26398,-3.05,233.02825,225.06,0.51852,-1.1652,-9.295,-0.339,8.956,3.8249,62.75646,187.97335,41.57854,228.80022,89.99255
62,flavonoid,COc1ccc(-c2oc3c(CC=C(C)C)c(O)cc(O)c3c(=O)c2O)cc1,12.67625,-0.76572,0.2383,-0.50737,1.77778,2.33107,1086.58542,-3.41,155.1328,100.13,0.19048,4.0941,-8.646,-0.949,7.697,4.27995,69.00792,175.14816,81.12851,255.525,69.51923
63,flavonoid,COc1c(O)cc(O)c2c(=O)cc(-c3ccccc3)oc12,12.21595,-0.4112,0.20429,-0.50689,1.7619,2.40603,865.21,-2.95,119.20346,79.9,0.0625,2.8798,-9.169,-1.114,8.055,6.4683,81.6499,181.56064,79.95269,260.76166,76.92455
64,flavonoid,O=C1CC(c2cccc(O)c2)Oc2ccccc21,12.01167,-0.31991,0.17015,-0.50795,1.94444,1.96919,604.19264,-2.29,104.64679,46.53,0.13333,3.0987,-9.332,-0.561,8.771,2.16553,71.82139,198.07105,75.17115,272.49053,55.36717
65,flavonoid,O=c1cc(-c2ccccc2)oc2cccc(O)c12,11.97369,-0.2424,0.19657,-0.50704,1.72222,2.32522,757.54077,-2.55,102.93073,50.44,0,3.1656,-9.273,-1.212,8.061,4.89124,94.88941,186.33848,88.77571,274.36252,76.5632
66,flavonoid,O=C1CC(c2ccc(O)cc2)Oc2ccccc21,12.0068,-0.27037,0.17015,-0.50797,1.77778,1.94216,586.94264,-2.29,104.64679,46.53,0.13333,3.0987,-9.335,-0.625,8.71,2.94165,71.26831,198.1809,70.16789,267.59712,59.7075
67,flavonoid,O=c1cc(-c2ccccc2)oc2cc(O)cc(O)c12,12.00336,-0.34944,0.19658,-0.50768,1.68421,2.341,803.48368,-2.75,107.72497,70.67,0,2.8712,-9.442,-0.837,8.605,3.17873,88.05629,197.6956,62.14164,259.08557,85.00703
68,flavonoid,C[C@@H]1O[C@@H](OC[C@H]2O[C@@H](Oc3c(-c4ccc(OCCO)c(OCCO)c4)oc4cc(OCCO)cc(O)c4c3=O)[C@H](O)[C@@H](O)[C@@H]2O)[C@H](O)[C@H](O)[C@H]1O,14.09334,-1.98308,0.23863,-0.50689,1.34615,1.53456,1697.97661,-3.83,294.43095,297.12,0.54545,-2.6906,-9.054,-1.051,8.003,4.11701,69.55647,193.99529,48.29121,241.53483,84.05795
69,flavonoid,Cc1c(-c2ccccc2)oc2c(C(=O)O)cccc2c1=O,12.44428,-1.11888,0.33903,-0.47754,1.7619,2.43321,891.80233,-2.88,119.82214,67.51,0.05882,3.46662,-9.396,-1.162,8.234,1.96889,77.55952,192.99849,78.61607,270.86289,62.73294
70,flavonoid,COc1c(-c2ccccc2)oc2ccccc2c1=O,12.36864,-0.14981,0.23474,-0.48956,1.63158,2.3913,772.85108,-2.55,109.61499,39.44,0.0625,3.4686,-8.834,-0.897,7.937,2.40633,82.12786,177.27705,137.01345,313.53883,24.62534
71,flavonoid,COc1ccc2oc(-c3ccccc3)cc(=O)c2c1,12.12545,-0.07037,0.19296,-0.49674,1.78947,2.23441,772.85108,-2.55,109.61499,39.44,0.0625,3.4686,-8.876,-0.918,7.958,5.19089,81.70527,186.09727,126.59931,311.94491,25.79667
72,flavonoid,O=c1cc(-c2ccccc2)oc2c(O)c(O)ccc12,11.98363,-0.42372,0.20147,-0.50416,1.68421,2.3589,803.48368,-2.75,107.72497,70.67,0,2.8712,-9.249,-1.015,8.234,5.43324,75.53897,191.47877,68.13766,258.86476,72.71052
73,flavonoid,COc1cccc2oc(-c3ccccc3)cc(=O)c12,12.21258,-0.09949,0.19658,-0.49584,1.78947,2.29767,772.85108,-2.55,109.61499,39.44,0.0625,3.4686,-9.096,-0.766,8.33,3.21684,83.22532,190.81196,122.70968,312.76997,26.49166
74,flavonoid,COc1ccc(-c2cc(=O)c3c(OC)c(OC)c(OC)c(OC)c3o2)cc1OC,13.01822,-0.32672,0.2108,-0.49287,1.24138,2.3822,1100.25701,-3.55,167.00742,85.59,0.28571,3.5116,-8.682,-0.727,7.955,3.40324,80.35993,177.12076,111.78332,288.15241,48.24383
75,flavonoid,COc1ccc(-c2oc3ccccc3c(=O)c2O)cc1,12.11081,-0.43271,0.23453,-0.50152,1.75,2.24701,815.99475,-2.75,114.40922,59.67,0.0625,3.1742,-8.637,-0.969,7.668,2.37938,75.44534,175.87514,94.07661,269.20008,62.28157
76,flavonoid,COc1cc([C@H]2Oc3cc([C@H]4Oc5cc(O)cc(O)c5C(=O)[C@@H]4O)ccc3O[C@@H]2CO)ccc1O,12.74031,-1.62236,0.20244,-0.50768,1.54286,1.49273,1303.6453,-4.15,198.6754,155.14,0.24,2.3627,-8.886,-0.888,7.998,2.71785,67.79078,180.11106,74.23341,253.5928,70.23429
77,flavonoid,O=c1cc(-c2ccccc2)oc2ccc(O)cc12,11.95397,-0.16111,0.19296,-0.50794,1.72222,2.2868,757.54077,-2.55,102.93073,50.44,0,3.1656,-9.106,-1.013,8.093,3.4586,81.2456,192.11206,78.261,269.62139,67.66052
78,flavonoid,O=c1cc(-c2ccc(O)c(O)c2)oc2cc(O)c([C@@H]3O[C@H](CO)[C@@H](O)[C@H](O)[C@H]3O)c(O)c12,12.76407,-1.79784,0.19659,-0.50728,1.5625,1.85835,1232.62349,-3.35,178.78774,201.28,0.28571,-0.2027,-9.376,-1.222,8.154,4.9992,71.24051,196.29337,44.31269,239.85439,87.42243
79,flavonoid,COc1ccc([C@@H]2CC(=O)c3c(O)cc(O[C@@H]4O[C@H](CO)[C@@H](O)[C@H](O)[C@H]4O[C@@H]4O[C@@H](C)[C@H](O)[C@@H](O)[C@H]4O)cc3O2)cc1O,12.96353,-1.76187,0.22914,-0.50691,1.62791,1.41272,1319.30387,-3.25,244.50674,234.29,0.53571,-1.1566,-8.829,-0.607,8.222,2.85971,72.18207,182.25014,64.4461,245.94457,82.27381
80,flavonoid,O=c1cc(-c2ccccc2)oc2cc(O)ccc12,11.94252,-0.11565,0.19282,-0.50782,1.72222,2.30148,757.54077,-2.55,102.93073,50.44,0,3.1656,-9.58,-0.95,8.63,3.10139,86.26295,199.91269,61.0809,260.24192,82.05734
81,flavonoid,O=C1c2c(O)cc(O)cc2O[C@H](c2ccc(O)c(O)c2)[C@H]1O,12.20074,-1.60474,0.20244,-0.50768,1.63636,2.08239,768.72655,-2.93,123.82373,127.45,0.13333,1.1863,-8.863,-0.676,8.187,2.72367,70.66916,183.52353,71.39898,254.17084,72.53463
82,flavonoid,COc1ccc(-c2cc(=O)c3c(OC)c(OC)c(OC)c(OC)c3o2)cc1,12.895,-0.29336,0.2108,-0.49677,1.25926,2.37567,1019.41017,-3.35,155.52894,76.36,0.25,3.503,-8.718,-0.722,7.996,4.22388,80.57796,167.73159,123.42308,290.403,46.21127
83,flavonoid,COc1ccc2c(=O)cc(-c3ccccc3)oc2c1,12.07167,-0.053,0.19282,-0.49662,1.78947,2.25793,772.85108,-2.55,109.61499,39.44,0.0625,3.4686,-9.341,-0.875,8.466,5.8027,83.39148,195.55823,115.91757,310.72413,28.70366
84,flavonoid,O=c1cc(-c2ccc(O)c(O)c2)oc2ccccc12,11.95284,-0.2562,0.19282,-0.50426,1.68421,2.2514,817.73368,-2.75,107.72497,70.67,0,2.8712,-9.165,-1.131,8.034,2.32745,76.72628,192.68797,67.93206,259.86836,72.89423
85,flavonoid,O=c1c(O)c(-c2ccc(O)cc2)oc2ccccc12,12.02995,-0.46766,0.23453,-0.50797,1.57895,2.3271,800.48368,-2.75,107.72497,70.67,0,2.8712,-8.772,-1.041,7.731,1.84317,75.60321,179.09217,84.0167,262.3572,69.28232
86,flavonoid,COc1ccc([C@@H]2CC(=O)c3c(O)cc(O)cc3O2)cc1O,12.20059,-0.61296,0.17391,-0.50768,1.90909,1.9836,752.54152,-2.89,125.71375,96.22,0.1875,2.5185,-8.784,-0.543,8.241,4.9711,71.59155,183.38987,76.81095,259.44915,68.17871
87,flavonoid,COc1cc(-c2oc3cc(O)cc(O)c3c(=O)c2O)ccc1O,12.24367,-0.84186,0.23829,-0.50768,1.73913,2.34665,972.30519,-3.35,128.79192,120.36,0.0625,2.291,-8.636,-1.116,7.52,1.49103,73.70629,178.38136,76.82334,254.45303,75.28957
88,flavonoid,O=C(O)[C@H]1O[C@@H](Oc2cc3oc(-c4ccccc4)cc(=O)c3c(O)c2O)[C@H](O)[C@@H](O)[C@@H]1O,12.53359,-1.93759,0.33534,-0.50356,1.625,1.76543,1219.88327,-3.64,178.47434,187.12,0.2381,0.1422,-9.195,-1.333,7.862,6.25273,71.94673,173.26427,74.7929,247.3055,80.67754
89,flavonoid,COc1ccc(-c2oc3c(CC=C(C)C)c(O[C@@H]4O[C@H](CO)[C@@H](O)[C@H](O)[C@H]4O)cc(O)c3c(=O)c2O[C@@H]2O[C@@H](C)[C@H](O)[C@@H](O)[C@H]2O[C@@H]2O[C@@H](C)[C@H](O)[C@@H](O)[C@H]2O)cc1,14.73007,-1.82712,0.23864,-0.50689,1.36207,1.50412,1978.04344,-3.93,330.92517,297.12,0.5641,-1.0803,-8.878,-0.811,8.067,9.21515,67.94103,180.26478,56.36251,235.87562,88.10172
90,flavonoid,Oc1cc(O)c2c(c1)O[C@H](c1cc(O)c(O)c(O)c1)[C@H](O)C2,10.1896,-1.04974,0.19978,-0.50768,1.5,2.02821,717.9062,-2.8,124.45644,130.61,0.2,1.2517,-8.936,-0.145,8.791,2.46914,71.41171,190.0164,71.5331,260.79783,66.65019
91,flavonoid,COc1ccc(-c2cc(=O)c3c(O)cc(O)cc3o2)cc1,12.10177,-0.3754,0.19658,-0.50768,1.7619,2.2167,862.21,-2.95,119.20346,79.9,0.0625,2.8798,-9.182,-0.72,8.462,4.92748,82.90273,189.79474,71.18818,260.23125,78.70779
92,flavonoid,O=c1cc(-c2ccc(O)cc2)oc2cc(O)c(O)c(O)c12,12.06202,-0.77113,0.20085,-0.50797,1.52381,2.31196,892.66628,-3.15,117.31344,111.13,0,2.2824,-8.751,-1.213,7.538,6.67794,74.636,170.89745,82.3053,252.45108,78.22123
93,flavonoid,O=c1cc(-c2ccccc2)oc2cc(O)c(O)c(O)c12,12.04447,-0.73865,0.20085,-0.50407,1.6,2.36233,849.50714,-2.95,112.5192,90.9,0,2.5768,-8.752,-1.136,7.616,6.8987,74.81006,172.87689,82.14596,254.27118,76.57519
94,flavonoid,C[C@@H]1O[C@@H](Oc2c(-c3cc(O)c(O)c(O)c3)oc3cc(O)cc(O)c3c2=O)[C@H](O)[C@H](O)[C@H]1O,13.24919,-1.79705,0.23863,-0.50768,1.48485,1.94725,1259.45085,-3.71,183.90128,210.51,0.28571,0.1943,-9.24,-1.211,8.029,4.86435,72.35573,190.17623,57.30677,246.73133,81.66071
95,flavonoid,COc1ccc([C@@H]2CC(=O)c3c(O)cc(O[C@@H]4O[C@H](CO[C@@H]5O[C@@H](C)[C@H](O)[C@@H](O)[C@H]5O)[C@@H](O)[C@H](O)[C@H]4O)cc3O2)cc1OC,12.99339,-1.75984,0.22873,-0.50691,1.5,1.30949,1336.08706,-3.25,251.19099,223.29,0.55172,-0.8536,-8.756,-0.794,7.962,6.54476,67.47766,178.47681,65.18496,242.9101,80.60387
96,flavonoid,O=c1cc(-c2ccc(O)c(O)c2)oc2c([C@@H]3O[C@H](CO)[C@@H](O)[C@H](O)[C@H]3O)c(O)cc(O)c12,12.76407,-1.79341,0.19659,-0.50728,1.53125,1.97234,1232.62349,-3.35,178.78774,201.28,0.28571,-0.2027,-9.175,-0.88,8.295,4.4359,68.93065,189.43694,39.65286,228.33813,96.62883
97,flavonoid,O=c1c(O)cc([C@H]2Oc3cc(O)cc(O)c3C[C@H]2O)cc2c([C@H]3Oc4cc(O)cc(O)c4C[C@H]3O)cc(O)c(O)c12,13.24979,-1.33602,0.23128,-0.50768,1.14634,1.56171,1800.5749,-5.07,229.95245,217.6,0.2069,2.2134,-8.601,-1.211,7.39,7.69875,66.76211,192.76815,50.49039,242.50687,80.29155
98,flavonoid,COc1cc2oc(-c3ccc(O)cc3)cc(=O)c2c(O)c1[C@@H]1O[C@H](CO)[C@@H](O)[C@H](O)[C@H]1O[C@@H]1O[C@H](CO)[C@@H](O)[C@H](O)[C@H]1O,13.26973,-1.89276,0.19659,-0.50797,1.44186,1.61026,1488.24208,-3.35,242.47137,249.2,0.46429,-1.7811,-9.523,-1.151,8.372,6.60556,71.44535,193.5463,41.75571,234.55034,92.93132
99,flavonoid,O=c1c(O)c(-c2ccccc2)oc2ccccc12,12.01239,-0.40676,0.23453,-0.50152,1.55556,2.38314,757.54077,-2.55,102.93073,50.44,0,3.1656,-8.874,-1.113,7.761,2.66164,75.23561,182.46975,84.59635,266.31443,64.95749
100,flavonoid,O=C1c2c(O)cc(O)cc2O[C@H](c2cc(O)c(O)c(O)c2)[C@H]1O,12.22317,-1.72103,0.20244,-0.50768,1.47826,2.10853,790.35956,-3.13,128.61796,147.68,0.13333,0.8919,-8.783,-0.746,8.037,3.37878,71.33528,182.3241,72.09356,253.66599,73.7056
101,flavonoid,O=c1cc(-c2ccc(O)c(O)c2)oc2cc(O)cc(O)c12,12.04334,-0.48952,0.19658,-0.50768,1.57143,2.29435,909.91628,-3.15,117.31344,111.13,0,2.2824,-9.165,-0.92,8.245,4.85991,77.3192,191.66264,66.56297,257.47394,75.88157
102,flavonoid,O=C1CC(c2ccc(O)cc2)Oc2cc(O)cc(O)c21,12.0973,-0.50296,0.17391,-0.50797,1.7,1.99891,675.40838,-2.69,114.23526,86.99,0.13333,2.5099,-9.443,-0.609,8.834,4.76693,71.69404,200.80269,59.24965,259.30067,68.42968
103,flavonoid,O=c1cc(-c2ccc(O)cc2)oc2cc(O)cc(O)c12,12.02091,-0.41035,0.19658,-0.50797,1.55,2.2894,846.50714,-2.95,112.5192,90.9,0,2.5768,-9.412,-1.058,8.354,3.49001,83.77925,197.6466,56.96735,253.86228,85.95328
104,flavonoid,O=c1c(O)c(-c2ccccc2)oc2cc(O)cc(O)c12,12.10289,-0.74759,0.23829,-0.50768,1.65,2.4224,849.50714,-2.95,112.5192,90.9,0,2.5768,-9.043,-1.127,7.916,1.58248,76.5415,185.39294,70.41864,255.05991,77.5179
105,flavonoid,O=c1c(O)c(-c2ccc(O)cc2)oc2cc(O)cc(O)c12,12.12045,-0.8085,0.23829,-0.50797,1.52381,2.3725,892.66628,-3.15,117.31344,111.13,0,2.2824,-8.888,-1.099,7.789,2.80988,76.36171,181.32571,74.14443,254.71847,77.67955
106,flavonoid,O=C(O[C@@H]1Cc2c(O)cc(O)cc2O[C@@H]1c1cc(O)c(O)c(O)c1)c1cc(O)c(O)c(O)c1,12.72163,-1.18115,0.33834,-0.50768,1.30303,1.74726,1221.4274,-4.67,184.74201,197.37,0.13636,2.2332,-9.121,-0.515,8.606,5.50141,74.41427,186.91777,65.89157,252.05767,78.39291
107,flavonoid,O=c1c(O)c(-c2cc(O)c(O)c(O)c2)oc2cc(O)cc(O)c12,12.1653,-0.96685,0.23829,-0.50768,1.34783,2.39511,979.50511,-3.55,126.9019,151.59,0,1.6936,-8.907,-1.274,7.633,1.28555,74.42795,184.29411,69.74149,253.28393,77.18033
108,flavonoid,COc1ccc(-c2cc(=O)c3c(O)cc(O[C@@H]4O[C@H](CO[C@@H]5O[C@@H](C)[C@H](O)[C@@H](O)[C@H]5O)[C@@H](O)[C@H](O)[C@H]4O)cc3o2)cc1O,12.81621,-1.78035,0.22873,-0.50689,1.48837,1.36181,1507.49208,-3.51,242.79068,238.2,0.46429,-1.0897,-9.191,-1.079,8.112,8.30718,69.76202,187.73768,51.61214,238.59815,87.20018
109,flavonoid,Oc1cc(O)c2c(c1)O[C@H](c1ccc(O)c(O)c1)[C@H](O)C2,10.18034,-0.93344,0.1573,-0.50768,1.66667,1.99788,696.80346,-2.6,119.66221,110.38,0.2,1.5461,-8.951,-0.208,8.743,0.95387,71.25437,188.72628,74.32757,262.30218,64.9885
110,isoflavonoid,O=c1c(-c2ccc(O)cc2)coc2cc(O)c(O)cc12,12.3621,-0.3818,0.20013,-0.50797,1.55,2.28241,846.50714,-2.95,112.5192,90.9,0,2.5768,-8.84,-0.928,7.912,4.69292,77.54328,184.71462,68.22369,252.18664,81.39295
111,isoflavonoid,CC(C)=CCc1cc(-c2coc3cc(O)ccc3c2=O)ccc1O,12.68646,-0.1712,0.19999,-0.50782,1.91667,2.12086,992.18175,-3.01,138.86008,70.67,0.15,4.3799,-8.695,-0.707,7.988,1.97644,69.46902,179.14992,80.30754,258.70579,66.79954
112,isoflavonoid,O=c1c(-c2ccc(O)cc2)coc2c([C@@H]3O[C@H](CO)[C@@H](O)[C@H](O)[C@H]3O)c(O)ccc12,13.04172,-1.65412,0.20001,-0.50797,1.6,1.86866,1119.76547,-2.95,169.19927,160.82,0.28571,0.3861,-9.105,-1.117,7.988,4.07841,70.81204,184.91688,64.28234,248.44755,78.4008
113,isoflavonoid,CC(C)(O)[C@@H]1CC[C@](C)([C@H]2[C@@H](O)C[C@@]3(C)[C@@H]4C[C@H](O[C@@H]5O[C@H](CO)[C@@H](O)[C@H](O)[C@H]5O)[C@H]5C(C)(C)[C@@H](O[C@@H]6OC[C@@H](O)[C@H](O)[C@H]6O)CC[C@@]56C[C@@]46CC[C@]23C)O1,12.20122,-1.60024,0.18647,-0.39357,1.4,1.14879,1455.82154,-0.56,324.00612,228.22,1,0.7241,-9.583,1.31,10.893,4.53171,66.44665,191.44261,69.69192,260.38286,62.1001
114,isoflavonoid,O=c1c(-c2ccc(O[C@@H]3O[C@H](CO)[C@@H](O)[C@H](O)[C@H]3O)cc2)coc2cc(O)cc(O)c12,12.78076,-1.56526,0.22872,-0.50768,1.67742,1.59041,1137.34588,-3.15,174.31282,170.05,0.28571,0.0499,-9.025,-0.719,8.306,6.00393,73.57356,178.12079,67.94196,245.31108,84.29879
115,isoflavonoid,COc1ccc(-c2coc3cc(O[C@@H]4O[C@H](CO)[C@@H](O)[C@H](O)[C@H]4O)ccc3c2=O)cc1,12.91228,-1.55431,0.22872,-0.49677,1.67742,1.60599,1106.15983,-2.95,176.20284,138.82,0.31818,0.6473,-8.688,-0.712,7.976,3.06687,71.60556,178.44422,65.91557,243.60812,84.03375
116,isoflavonoid,COc1c(O[C@@H]2O[C@H](CO)[C@@H](O)[C@H](O)[C@H]2O)cc2occ(-c3ccc(O)cc3)c(=O)c2c1O,13.08492,-1.69979,0.22894,-0.50797,1.72727,1.76977,1201.67301,-3.35,185.7913,179.28,0.31818,0.0585,-8.88,-0.947,7.933,4.9061,74.47429,182.58942,63.62321,245.46096,85.04964
117,isoflavonoid,COc1cc(-c2coc3cc4c(c(OC)c3c2=O)OCO4)cc(OC)c1OC,13.31295,-0.28641,0.23102,-0.49269,1.53571,1.99638,1090.36439,-3.55,159.63665,85.59,0.25,3.2231,-8.558,-0.66,7.898,5.14642,79.94909,183.58906,101.57768,284.41507,51.57033
118,isoflavonoid,COc1ccc(-c2coc3cc(O)cc(O)c3c2=O)cc1,12.48261,-0.36211,0.20375,-0.50768,1.80952,2.23975,862.21,-2.95,119.20346,79.9,0.0625,2.8798,-8.795,-0.797,7.998,3.53195,82.26727,182.61988,75.19266,257.06087,81.24271
119,isoflavonoid,O=c1c(-c2ccc(O)cc2)coc2cc(O)ccc12,12.32099,-0.17413,0.19999,-0.50797,1.57895,2.25767,800.48368,-2.75,107.72497,70.67,0,2.8712,-8.881,-0.771,8.11,2.40613,80.88101,184.71678,73.62172,257.58683,79.33049
120,isoflavonoid,O=c1c(-c2ccc(O)cc2)coc2cc(O[C@@H]3O[C@H](CO)[C@@H](O)[C@H](O)[C@H]3O)ccc12,12.81149,-1.56282,0.22872,-0.50797,1.7,1.61824,1089.8225,-2.95,169.51858,149.82,0.28571,0.3443,-8.843,-0.746,8.097,4.48357,71.42812,187.40393,58.5295,245.18176,82.28267
121,isoflavonoid,COc1ccc(-c2coc3cc(O)ccc3c2=O)cc1,12.42178,-0.12832,0.19999,-0.50782,1.85,2.18365,815.99475,-2.75,114.40922,59.67,0.0625,3.1742,-8.702,-0.705,7.997,2.46083,82.0767,180.55533,78.82137,258.62503,79.48798
122,isoflavonoid,COc1cc(C)c2c(=O)c(-c3ccccc3)coc2c1,12.64854,-0.01611,0.20026,-0.49661,1.85,2.3184,816.753,-2.55,115.97993,39.44,0.11765,3.77702,-9.105,-0.539,8.566,3.95893,83.47493,189.074,97.03156,285.35389,54.15735
123,isoflavonoid,O=c1c(-c2ccc(O)cc2)coc2cc(O[C@@H]3O[C@H](CO)[C@@H](O)[C@H](O)[C@H]3O)cc(O)c12,12.87233,-1.63933,0.22873,-0.50797,1.67742,1.67522,1137.34588,-3.15,174.31282,170.05,0.28571,0.0499,-8.915,-0.784,8.131,3.1635,67.89225,178.14306,56.3294,233.72079,90.20777
124,isoflavonoid,COc1ccc(-c2coc3cc(OC)c(OC)cc3c2=O)cc1,12.76352,-0.12744,0.20013,-0.49677,1.52174,2.19101,893.66928,-2.95,132.57196,57.9,0.16667,3.4858,-8.527,-0.595,7.932,2.54773,81.34589,177.4005,111.18058,287.82941,49.55279
125,isoflavonoid,COc1c(O)cc2occ(-c3ccc(O)cc3)c(=O)c2c1O,12.59442,-0.47974,0.2039,-0.50797,1.77273,2.3383,908.55273,-3.15,123.99769,100.13,0.0625,2.5854,-8.945,-0.883,8.062,3.12972,76.2867,186.7462,69.11094,255.10547,77.21754
126,isoflavonoid,C=C(C)[C@H]1Cc2c(ccc3c2O[C@@H]2COc4cc(OC)c(OC)cc4[C@@H]2C3=O)O1,13.51707,-0.45522,0.17757,-0.49285,1.86207,1.58162,1040.14896,-3.15,168.52501,63.22,0.34783,3.7033,-8.153,-0.474,7.679,4.0268,71.5205,165.96995,102.05506,267.27334,60.28347
127,isoflavonoid,O=c1c(-c2ccc(O)cc2)coc2cc(O)cc(O)c12,12.38182,-0.40793,0.20375,-0.50797,1.6,2.31418,846.50714,-2.95,112.5192,90.9,0,2.5768,-8.968,-0.848,8.12,1.60647,81.17153,186.67397,70.44719,256.36949,80.83835
128,others,O=C1c2cccc(O)c2C(=O)c2c(O)cc(CO)cc21,12.37004,-0.60214,0.20147,-0.50716,1.55,2.34987,761.09946,-2.66,113.28324,94.83,0.06667,1.3655,-9.596,-1.948,7.648,0.84649,69.78595,200.63923,61.07615,260.96371,64.85855
129,others,CC(=O)C1=C(O)C=C2Oc3c(C(C)=O)c(O)c(C)c(O)c3[C@]2(C)C1=O,12.95487,-1.58799,0.1878,-0.50705,1.68,2.41874,948.90665,-3.09,142.40065,121.13,0.27778,2.12662,-9.545,-1.419,8.126,4.55126,80.82665,190.07254,62.35669,251.67756,85.1854
130,others,COc1cc(C(=O)O)cc(OC)c1O,10.65579,-1.10963,0.33546,-0.5017,1.64286,3.31538,333.2151,-1.91,80.50331,75.99,0.22222,1.1076,-8.881,-0.686,8.195,2.36961,74.22962,185.6556,82.12489,267.02882,63.23711
131,others,OCc1ccc(O[C@@H]2O[C@H](CO)[C@@H](O)[C@H](O)[C@H]2O)cc1,9.80162,-1.4698,0.22872,-0.46199,1.6,2.06336,419.23278,-1.22,115.17843,119.61,0.53846,-1.6424,-9.354,-0.21,9.144,3.60672,74.40076,192.48783,79.25805,270.99421,59.44286
132,others,CC1=CC(=O)c2c(O)cccc2C1=O,11.58269,-0.31,0.19021,-0.50716,1.92857,2.75099,469.42103,-1.9,80.67796,54.37,0.09091,1.7175,-9.649,-1.842,7.807,1.37424,78.54907,202.10327,61.45215,262.80375,71.78163
133,others,COc1cc2c(c(O)c1OC)-c1c(cc(OC)c(OC)c1OC)C[C@@H](C)[C@@H](C)C2,11.23978,0.03738,0.20344,-0.50372,1.10345,2.47496,905.21668,-2.76,171.85899,66.38,0.47826,4.473,-8.176,0.371,8.547,2.57711,73.50227,161.09301,116.09351,276.43485,53.10373
134,others,Oc1ccc2c(c1)OCO2,8.96083,0.19838,0.2308,-0.50782,2,2.52262,257.02817,-1.38,57.81184,38.69,0.14286,1.1209,-8.729,-0.174,8.555,1.12396,77.45689,186.59344,87.48865,273.33042,60.16278
135,others,O=C1c2ccccc2C(=O)c2c(O)c(O)cc(O)c21,12.24435,-0.69384,0.19803,-0.50701,1.26316,2.42518,745.74181,-2.82,106.9183,94.83,0,1.5788,-9.059,-1.744,7.315,0.79905,80.31058,187.45435,68.20352,254.9062,81.44069
136,others,O=C1c2ccccc2C(=O)c2c1ccc(O)c2O,12.20324,-0.54134,0.19789,-0.50424,1.33333,2.37676,700.93533,-2.62,102.12406,74.6,0,1.8732,-9.323,-1.808,7.515,2.14375,80.69308,191.04083,68.80888,259.09804,77.63135
137,others,N#C[C@H](O[C@@H]1O[C@H](CO[C@@H]2O[C@H](CO)[C@@H](O)[C@H](O)[C@H]2O)[C@@H](O)[C@H](O)[C@H]1O)c1ccccc1,10.25333,-1.7016,0.18827,-0.39357,1.375,1.65494,759.66294,-1.73,182.93533,202.32,0.65,-3.10802,-10.127,-0.358,9.769,3.91996,70.52949,191.93186,73.79556,264.97575,61.59005
138,others,C/C=C/c1cc(OC)c(OC)cc1OC,5.25307,0.66908,0.16395,-0.49599,1.4,3.26845,356.13002,-1.64,90.27209,27.69,0.33333,2.7455,-7.838,0.104,7.942,1.39799,74.15923,161.58282,130.10367,290.93482,39.26072
139,others,COc1cc2c(c(OC)c1OC)-c1c(cc(OC)c(OC)c1OC)C[C@@H](C)[C@@H](C)C2,5.88941,0.45722,0.20344,-0.4927,0.86667,2.50934,845.38778,-2.76,178.54324,55.38,0.5,4.776,-8.208,0.423,8.631,2.64345,70.82392,160.1247,127.07505,286.44808,40.41215
140,others,CCNC(=O)CC[C@H](N)C(=O)O,10.8105,-1.07009,0.31998,-0.48009,2.16667,3.53706,170.03442,-1.1,70.93593,92.42,0.71429,-0.6854,-9.426,0.417,9.843,4.77496,63.1717,189.57581,71.7758,260.59994,58.60807
141,others,C=C1CC[C@H]2[C@@](C)(CC[C@@H](O)[C@@]2(C)CO)[C@@H]1C/C=C1/C(=O)OC[C@H]1O,11.75486,-0.84366,0.33607,-0.45913,2.04,1.89136,596.89393,-1.17,148.93422,86.99,0.75,1.9626,-9.947,-0.319,9.628,5.6452,70.15192,201.80415,54.15549,255.20797,70.98026
142,others,COc1ccc(C(C)=O)c(O[C@@H]2O[C@H](CO)[C@@H](O)[C@H](O)[C@H]2O)c1,11.67241,-1.55807,0.22876,-0.49662,1.91304,2.27797,558.4079,-1.71,132.38914,125.68,0.53333,-0.9235,-9.286,-0.257,9.029,1.33553,66.91687,186.55897,51.81718,237.62448,85.3287
143,others,C=CCSC[C@H](N)C(=O)O,10.12931,-0.94763,0.32083,-0.48006,2.5,3.2956,126.91622,-0.48,64.29312,63.32,0.5,0.3175,-8.777,-0.205,8.572,2.45816,58.47586,170.55657,101.04339,270.84829,43.66388
144,others,Cc1cc(O)c2c(c1)C(=O)c1cc(O)cc(O)c1C2=O,12.37685,-0.63463,0.20147,-0.5078,1.3,2.39568,725.83626,-2.82,113.28324,94.83,0.06667,1.88722,-9.392,-1.386,8.006,3.26359,82.01442,196.45431,62.76159,258.46423,79.5865
145,others,O=C1c2cccc(O)c2C(=O)c2c(O)cccc21,12.22296,-0.53167,0.20147,-0.50716,1.11111,2.39893,643.43533,-2.62,102.12406,74.6,0,1.8732,-9.436,-1.721,7.715,2.89741,84.65975,193.24955,64.60666,257.10454,83.59152
146,others,CCOC(=O)c1cc(O)c(O)c(O)c1,11.13434,-0.66843,0.33789,-0.50414,1.78571,3.06045,335.2151,-1.91,80.184,86.99,0.22222,0.9801,-9.267,-0.753,8.514,4.13968,76.29098,195.15239,68.97147,263.37219,68.9551
147,others,COc1ccc(C(C)=O)c(O[C@@H]2O[C@H](CO[C@@H]3OC[C@H](O)[C@H](O)[C@H]3O)[C@@H](O)[C@H](O)[C@H]2O)c1,11.91835,-1.68209,0.22876,-0.49662,1.6875,1.71274,787.84375,-1.87,183.02358,184.6,0.65,-2.4602,-9.176,-0.209,8.967,5.93687,70.23199,179.54066,76.59055,255.37954,70.88876
148,others,O=C(O)c1cc(O)c2c(c1)C(=O)c1cccc(O)c1C2=O,12.36541,-1.32402,0.33534,-0.50716,1.52381,2.35525,834.29775,-3.15,117.44476,111.9,0,1.5714,-9.62,-2.08,7.54,2.32083,84.91388,197.66671,53.38767,250.30271,90.64748
149,others,COc1c(O)cc2c(c1O)[C@@H]1O[C@H](CO)[C@@H](O)[C@H](O)[C@H]1OC2=O,12.06482,-1.51185,0.33877,-0.50414,1.95652,2.15518,643.62538,-2.07,129.8126,145.91,0.5,-1.2006,-9.224,-0.997,8.227,3.11516,70.80098,189.87863,56.53821,245.66517,81.17212
150,others,O=Cc1ccc(O[C@@H]2O[C@H](CO)[C@@H](O)[C@@H](O)[C@H]2O)cc1,10.52665,-1.48597,0.22872,-0.46199,1.75,2.08111,444.53782,-1.51,114.54571,116.45,0.46154,-1.3222,-9.586,-0.641,8.945,2.89185,72.54928,193.40113,53.04524,245.6947,82.89089
151,others,OC[C@H]1O[C@@H](Oc2ccc(O)cc2)[C@H](O)[C@@H](O)[C@@H]1O,9.74607,-1.47869,0.22872,-0.50796,1.63158,2.08033,405.04386,-1.38,108.81348,119.61,0.5,-1.4291,-8.859,-0.214,8.645,3.7695,70.72569,179.10753,85.27103,263.62689,63.13511
152,others,O.O=C(O)c1cc(O)c(O)c(O)c1,10.31282,-1.29111,0.33546,-0.50414,1.46154,0,308.74981,-1.95,72.61556,129.49,0,-0.3231,-9.393,-0.934,8.459,3.99203,76.54223,198.75961,63.51112,261.51906,71.05948
153,others,O=C(/C=C/c1ccccc1)c1ccccc1,11.73119,0.0319,0.18535,-0.28929,1.375,2.11728,483.35811,-2.15,95.05524,17.07,0,3.5827,-9.621,-0.726,8.895,3.42624,84.1828,200.41369,92.93441,292.59643,47.62268
154,others,Cc1cc(O)cc(OC2O[C@H](CO)[C@@H](O)[C@H](O)[C@H]2O)c1,9.81696,-1.49601,0.22872,-0.50781,1.8,2.14642,441.78294,-1.38,115.17843,119.61,0.53846,-1.12068,-9.2,0.185,9.385,2.88356,72.15577,185.75704,65.24553,250.2509,77.94118
155,others,O.O=C(O)c1cc(=O)cc(C(=O)O)o1,10.73333,-1.48593,0.37146,-0.47537,1.42857,0,381.04164,-2.15,76.51989,136.31,0,-0.7885,-10.607,-1.538,9.069,4.13372,109.58938,227.07968,27.67327,254.00128,111.62441
156,others,CS(=O)CCCCN=C=S,10.52074,-0.6591,0.05844,-0.25987,2.3,3.04966,147.82681,-0.05,69.19232,29.43,0.83333,1.2479,-8.841,-0.462,8.379,4.95259,70.15037,191.35901,66.87868,257.48602,68.70066
157,others,O=C(/C=C/c1ccc(O)c2c1[C@H](C(=O)O[C@H](Cc1ccc(O)c(O)c1)C(=O)O)[C@@H](c1ccc(O)c(O)c1)O2)O[C@H](Cc1ccc(O)c(O)c1)C(=O)O,13.94756,-1.84344,0.34488,-0.50426,1.13462,1.4734,2087.04961,-7.1,292.42138,278.04,0.16667,3.3345,-8.783,-0.847,7.936,5.07345,64.04262,171.26976,65.48454,236.00263,84.0763
158,others,CSCCCCN=C=S,4.40812,0.85125,0.05844,-0.23254,2.33333,2.82461,97.23098,0.15,65.94117,12.36,0.83333,2.2324,-8.753,-0.5,8.253,4.01822,70.12794,193.45186,70.50407,263.20426,62.95999
159,others,O=Cc1ccc2c(c1)OCO2,10.30997,0.24766,0.2308,-0.4536,2.09091,2.48339,293.38869,-1.51,63.54407,35.53,0.125,1.2278,-9.243,-0.825,8.418,3.42832,75.49253,198.20487,100.47103,297.92423,33.60461
160,others,COc1cc(C(C)=O)ccc1O,10.88763,-0.04787,0.1607,-0.50425,2.16667,3.1343,304.642,-1.51,70.59553,46.53,0.22222,1.6034,-8.893,-0.55,8.343,2.81173,76.30463,187.58415,78.30923,265.14171,67.19923
161,others,OCCc1ccc(O)c(O)c1,8.99509,-0.14264,0.15716,-0.50426,1.81818,2.86471,245.09253,-1.22,64.54399,60.69,0.25,0.6326,-8.935,-0.128,8.807,2.08483,74.97862,185.65966,85.10644,270.01443,61.0005
162,others,Cc1cc(O)c2c(c1)C(=O)c1cccc(O)c1C2=O,12.33574,-0.52759,0.20147,-0.50716,1.52632,2.39609,744.05106,-2.62,108.489,74.6,0.06667,2.18162,-9.497,-1.823,7.674,1.56921,82.89721,199.13897,70.08771,268.47501,70.45851
163,others,COc1ccccc1O,8.98551,0.18056,0.15997,-0.50425,2,3.00652,195.86257,-1.18,53.70412,29.46,0.14286,1.4008,-8.764,0.115,8.879,2.72402,78.45779,186.66988,96.55116,282.46937,52.02473
164,others,COC(=O)c1c2c(c3ccccc3c1O)OC(C)(C)C=C2,12.0396,-0.58106,0.34192,-0.50637,1.90476,2.43471,771.94404,-2.49,122.15507,55.76,0.23529,3.5162,-8.147,-0.863,7.284,0.61053,76.46432,168.13691,99.33229,266.71753,65.7831
165,others,C=CCN=C=S,4.25301,0.58681,0.06709,-0.22835,2.66667,3.07392,81.54888,-0.46,42.39858,12.36,0.25,1.2752,-8.884,-0.577,8.307,4.54453,65.92158,193.53893,74.61547,267.40273,54.55516
166,others,NC(=O)NC1NC(=O)NC1=O,10.65546,-1.04167,0.32307,-0.35161,2.18182,2.53444,225.37706,-1.79,61.30229,113.32,0.25,-2.1798,-10.59,-0.316,10.274,3.89042,67.7265,198.42117,69.01774,266.68724,57.07557
167,others,OCCc1ccc(O)cc1,8.86239,0.15752,0.11509,-0.50797,1.7,2.6938,190.91749,-1.02,59.74975,40.46,0.25,0.927,-9.154,-0.115,9.039,1.23507,76.29906,191.92088,83.91867,275.08788,57.24749
168,others,COC(=O)c1cc(O)c(O)c(O)c1,10.90309,-0.70315,0.33763,-0.50414,1.69231,3.20372,321.38278,-1.91,73.81906,86.99,0.125,0.59,-9.101,-0.779,8.322,2.93811,76.23236,191.74158,72.68066,263.67057,68.5981
169,others,COc1cc(C=O)ccc1O,10.24875,0.03991,0.16069,-0.50425,2.27273,3.11616,268.03972,-1.51,64.23059,46.53,0.125,1.2133,-8.95,-0.662,8.288,2.661,75.07212,189.42129,75.37396,264.04358,67.06485
170,others,O=C(O)C1=C[C@@H](O)[C@@H](O)[C@H](O)C1,10.37999,-1.29181,0.33093,-0.47788,2,2.80945,221.83663,-0.91,68.57193,97.99,0.57143,-1.5162,-10.506,-0.493,10.013,1.14802,66.76805,220.9194,43.58606,263.75379,59.05057
171,phenylpropanoid,C=CCc1ccc(O)c(O)c1,9.04243,-0.08536,0.15717,-0.50426,2,2.94737,266.26529,-1.44,65.42509,40.46,0.11111,1.8263,-8.837,-0.022,8.815,2.02372,70.89124,187.09663,85.53739,271.88235,55.0452
172,phenylpropanoid,CC(=O)OC/C=C/c1ccccc1,10.39897,-0.25212,0.30244,-0.46163,2.07692,2.36772,288.21841,-1.57,77.84158,26.3,0.18182,2.2629,-9.276,-0.094,9.182,1.91596,70.21011,184.16931,101.33103,284.74867,41.49775
173,phenylpropanoid,COc1cc2ccc(=O)oc2cc1O,10.86965,-0.44253,0.33569,-0.50416,2.14286,2.79044,527.1233,-1.97,79.35213,59.67,0.1,1.5072,-8.801,-1.131,7.67,4.73316,77.28308,184.48613,72.37583,256.11029,77.2091
174,phenylpropanoid,COc1cc2c(c(OC)c1OC)-c1c(cc3c(c1OC)OCO3)C[C@H](C)[C@](C)(O)[C@H]2OC(=O)c1ccccc1,13.38767,-1.50883,0.33834,-0.4927,1.61538,1.86545,1397.77728,-4.11,226.66381,101.91,0.36667,4.958,-8.314,-0.373,7.941,1.83456,75.3692,167.76131,127.4841,294.49374,36.91177
175,phenylpropanoid,C[C@@H]1O[C@@H](O[C@@H]2[C@@H](O)[C@H](OCCc3ccc(O)c(O)c3)O[C@H](CO)[C@H]2OC(=O)/C=C/c2ccc(O)c(O)c2)[C@H](O)[C@H](O)[C@H]1O,12.79725,-1.77427,0.33073,-0.50426,1.5,1.5219,1301.52476,-3.51,250.8686,245.29,0.48276,-1.0159,-8.999,-0.561,8.438,4.08944,73.75794,175.21773,79.39222,253.85828,75.93597
176,phenylpropanoid,COc1c2ccoc2cc2oc(=O)ccc12,11.11932,-0.38846,0.3357,-0.49521,1.9375,2.58458,720.5361,-2.23,90.03389,52.58,0.08333,2.5478,-9.028,-0.995,8.033,7.20993,83.65285,187.8675,77.62449,264.74032,74.94884
177,phenylpropanoid,COc1cc(/C=C/C(=O)O)cc(OC)c1O,10.34981,-1.04999,0.32782,-0.5017,1.75,3.1632,397.37825,-2.17,92.54359,75.99,0.18182,1.5072,-8.705,-0.869,7.836,2.75698,73.3331,180.61809,84.91235,264.77877,64.59064
178,phenylpropanoid,CC(C)=CCOc1c2occc2cc2ccc(=O)oc12,11.42727,-0.40697,0.33583,-0.48212,2,2.21346,847.66109,-2.49,114.80405,52.58,0.1875,3.8842,-8.633,-1.088,7.545,5.5672,71.13987,176.16029,89.45791,264.86653,62.30965
179,phenylpropanoid,O=c1ccc2cc(O)c(O)cc2o1,10.76886,-0.48834,0.33569,-0.50424,1.76923,2.888,512.4939,-1.97,72.66787,70.67,0,1.2042,-9.046,-1.28,7.766,3.26706,77.02629,190.59188,60.93839,250.7786,82.284
180,phenylpropanoid,COc1cc(C2OCC3C(c4ccc(O)c(OC)c4)OCC23)ccc1O,9.80491,-0.0986,0.16035,-0.50425,1.19231,1.57808,737.38357,-2.44,151.43902,77.38,0.4,3.1902,-8.714,0.018,8.732,3.80085,66.38497,181.83762,92.55593,273.64188,48.7794
181,phenylpropanoid,COc1cc(/C=C/C(=O)O[C@H]2CC[C@]34C[C@]35CC[C@]3(C)[C@@H]([C@H](C)CCC=C(C)C)CC[C@@]3(C)[C@@H]5CC[C@H]4C2(C)C)ccc1O,13.06513,-0.27601,0.33056,-0.50425,1.70455,1.15111,1336.58115,-2.23,266.61392,55.76,0.725,10.1474,-8.835,-0.676,8.159,1.50823,70.06356,184.38596,81.35671,264.991,61.10887
182,phenylpropanoid,c1cc2c(cc1[C@H]1OC[C@@H]3[C@@H](c4ccc5c(c4)OCO5)OC[C@H]13)OCO2,6.17788,0.02177,0.2308,-0.4536,1.03846,1.26665,793.87507,-2.44,150.06598,55.38,0.4,3.2192,-8.858,-0.123,8.735,2.57151,67.43022,187.6959,102.89326,289.83749,33.62904
183,phenylpropanoid,COc1ccc2ccc(=O)oc2c1CC=C(C)C,11.35052,-0.3387,0.3357,-0.49632,2,2.67311,646.32657,-2.03,105.693,39.44,0.26667,3.3103,-9.006,-0.907,8.099,6.32033,70.05757,179.83116,107.5837,286.66319,39.43069
184,phenylpropanoid,COc1c2occc2cc2ccc(=O)oc12,11.1731,-0.40583,0.33583,-0.48968,1.9375,2.59604,720.5361,-2.23,90.03389,52.58,0.08333,2.5478,-8.724,-1.143,7.581,5.49546,82.41553,181.96577,115.74057,296.95467,41.49717
185,phenylpropanoid,COC(=O)/C=C/c1ccc(O)c(O)c1,10.71608,-0.47448,0.32999,-0.50426,2.07143,2.82661,368.38479,-1.97,81.0651,66.76,0.1,1.284,-9.062,-0.887,8.175,1.16381,75.27501,199.67532,57.891,256.81465,74.49667
186,phenylpropanoid,C=CCc1ccc(OC)cc1,5.02148,0.90075,0.11838,-0.49677,2,2.73667,223.13302,-1.24,67.31511,9.23,0.2,2.4237,-8.8,0.191,8.991,1.27729,70.84133,186.54749,103.29217,289.08799,37.78965
187,phenylpropanoid,O=C(O)/C=C/c1ccccc1,10.08582,-0.92236,0.32782,-0.47807,1.90909,2.72177,262.15104,-1.57,64.79238,37.3,0,1.7844,-9.828,-0.913,8.915,3.08443,85.7571,208.30953,69.94546,277.50332,64.29009
188,phenylpropanoid,CC(C)=CCc1cc2c(cc1O)oc(=O)c1c3ccc(O)cc3oc21,12.38366,-0.53853,0.34766,-0.50782,1.8,2.09922,1220.00429,-3.21,141.96064,83.81,0.15,4.6123,-8.639,-1.17,7.469,7.95677,71.03796,180.08258,73.36101,252.69192,74.38235
189,phenylpropanoid,O=c1oc2ccccc2c(O)c1Cc1c(O)c2ccccc2oc1=O,12.20361,-0.77485,0.34307,-0.5066,1.08,1.94543,1135.06844,-3.54,139.73791,100.88,0.05263,2.9014,-9.252,-1.385,7.867,9.05476,73.42429,190.52649,47.82109,237.59591,91.86469
190,phenylpropanoid,O=C(/C=C/c1ccc(O)c(O)c1)O[C@@H](C(=O)O)[C@@H](OC(=O)/C=C/c1ccc(O)c(O)c1)C(=O)O,11.99031,-2.40469,0.34919,-0.50426,0.97059,2.10994,1072.97013,-5,190.39729,208.12,0.09091,1.2284,-9.078,-1.109,7.969,5.54187,73.60914,191.74634,55.81004,246.80471,82.84074
191,phenylpropanoid,C/C=C(/C)C(=O)OC(C)(C)[C@@H]1Cc2c(ccc3ccc(=O)oc23)O1,12.07044,-0.81769,0.3357,-0.48549,2,1.90396,888.25556,-2.56,139.42201,65.74,0.36842,3.3845,-8.996,-0.941,8.055,3.84601,77.6907,204.11688,73.11724,276.48245,57.24456
192,phenylpropanoid,CC(C)=CCC/C(C)=C/COc1ccc2ccc(=O)oc2c1,11.22466,-0.34753,0.33569,-0.48939,1.90909,1.93589,746.6095,-2.29,130.46317,39.44,0.31579,4.8645,-9.134,-0.936,8.198,8.02014,71.27332,195.34922,63.45098,258.04853,69.2611
193,phenylpropanoid,O=C(/C=C/c1ccc(O)c(O)c1)OCCc1ccccc1,11.53754,-0.44584,0.33027,-0.50426,1.80952,1.80923,632.4933,-2.75,122.48714,66.76,0.11765,2.8969,-8.971,-0.892,8.079,1.02007,75.56299,188.79915,71.06648,259.11396,72.48534
194,phenylpropanoid,COc1cc(C[C@H]2C(=O)OC[C@@H]2Cc2ccc(OC)c(OC)c2)ccc1O,12.27667,-0.2432,0.3092,-0.50425,1.55556,1.76393,816.31429,-2.89,158.17708,74.22,0.38095,2.9924,-8.623,-0.044,8.579,3.22675,75.45562,179.75803,87.54156,266.54792,64.94401
195,phenylpropanoid,OC/C=C/c1ccccc1,8.44077,0.10605,0.06152,-0.3923,1.9,2.67065,201.22807,-1.08,60.63086,20.23,0.11111,1.6921,-9.346,-0.213,9.133,1.67385,65.95254,195.90141,90.71373,285.86347,36.12538
196,phenylpropanoid,O=C(O)/C=C/c1ccccc1O,10.11549,-1.0294,0.32782,-0.50733,2,2.89157,315.30462,-1.77,69.58662,57.53,0,1.49,-9.422,-0.957,8.465,3.94209,81.24899,199.24592,61.02969,259.52394,77.76136
197,phenylpropanoid,COc1ccc(C(O)CNC(=O)/C=C/c2ccccc2)cc1,11.72355,-0.75002,0.2436,-0.49677,1.86364,1.83207,620.54035,-2.59,129.60771,58.56,0.16667,2.5582,-8.751,-0.698,8.053,3.79,64.8706,181.79302,98.0458,279.08715,41.81976
198,phenylpropanoid,CC(Cc1ccc(O)c(O)c1)C(C)Cc1ccc(O)c(O)c1,9.54187,-0.10739,0.15716,-0.50426,1,2.0008,594.03057,-2.36,129.85508,80.92,0.33333,3.5664,-8.471,-0.156,8.315,3.3033,70.40094,175.05247,87.7484,262.0492,64.38805
199,phenylpropanoid,CC(O)CCc1ccc(O)cc1,9.01889,-0.25111,0.11509,-0.50797,1.83333,2.47583,226.09882,-1.02,72.47964,40.46,0.4,1.7056,-9.044,0.013,9.057,0.72471,74.60137,193.46951,84.17767,276.89551,53.74217
200,phenylpropanoid,COc1c2c(cc3oc(CO[C@@H]4O[C@H](CO)[C@@H](O)[C@H](O)[C@H]4O)cc(=O)c13)O[C@H](C(C)(C)O)C2,12.89391,-1.5859,0.19632,-0.4954,1.87879,1.61172,1070.66723,-2.25,188.23734,168.28,0.59091,-0.8075,-9.022,-0.535,8.487,2.25414,73.96996,175.93558,81.68777,256.87168,73.13459
201,phenylpropanoid,C=CCc1ccc2c(c1)OCO2,5.22891,0.34015,0.2308,-0.4536,2.16667,2.31674,304.70693,-1.44,71.42283,18.46,0.2,2.1438,-8.798,-0.001,8.797,0.2119,70.6555,187.3977,97.41991,284.06594,42.62587
202,phenylpropanoid,O=c1ccc2ccc(O)c(O)c2o1,10.78754,-0.56167,0.33583,-0.50416,1.76923,2.9683,512.4939,-1.97,72.66787,70.67,0,1.2042,-9.233,-1.253,7.98,2.89248,77.56408,194.09453,68.09325,261.43611,72.16428
203,phenylpropanoid,Cc1cc2cc3c(C)cc(=O)oc3c(C)c2o1,11.4005,-0.31877,0.33597,-0.46095,1.70588,2.62632,790.4241,-2.03,97.65023,43.35,0.21429,3.46446,-8.82,-0.968,7.852,6.01153,77.6246,183.82285,87.62726,270.69844,62.96247
204,phenylpropanoid,C=CCc1ccc(O)c(-c2cc(CC=C)ccc2O)c1,10.04475,0.15636,0.12306,-0.50731,1.15,2.53716,584.36164,-2.48,118.88741,40.46,0.11111,4.2218,-8.697,-0.356,8.341,2.68335,70.81802,180.23222,80.23828,259.71883,67.1355
205,phenylpropanoid,C=CCc1ccc(OC(C)=O)c(OC)c1,10.79799,-0.35669,0.30766,-0.49283,2.2,2.9705,369.13002,-1.77,89.32007,35.53,0.25,2.349,-8.832,0.068,8.9,1.53796,71.30201,180.83844,102.53038,282.61715,44.72117
206,phenylpropanoid,COc1ccc([C@@H]2OC[C@@H]3[C@@H](c4ccc5c(c4)OCO5)OC[C@H]23)cc1OC,6.19111,-0.00573,0.2308,-0.49287,1.37037,1.38664,850.56063,-2.44,157.43675,55.38,0.42857,3.5077,-8.376,-0.018,8.358,1.70266,66.72954,171.63946,109.34017,280.22796,42.53789
207,phenylpropanoid,COc1c2ccoc2c(OC)c2oc(=O)ccc12,11.33191,-0.45022,0.33583,-0.4952,1.66667,2.62974,781.01711,-2.43,101.51238,61.81,0.15385,2.5564,-8.362,-0.942,7.42,7.34761,80.48508,172.17794,107.63895,279.06522,57.45617
208,phenylpropanoid,CCCCCC(C=O)=Cc1ccccc1,10.83531,0.89507,0.14554,-0.29826,1.93333,2.57621,311.3704,-1.37,91.82286,17.07,0.35714,3.8492,-9.569,-0.45,9.119,2.78018,67.78762,197.05705,87.39077,283.69615,40.12778
209,phenylpropanoid,C=CCc1ccc(O)c(-c2ccc(O)c(CC=C)c2)c1,10.03822,0.22968,0.12292,-0.50766,1.55,2.49312,641.86164,-2.48,118.88741,40.46,0.11111,4.2218,-8.577,-0.206,8.371,1.78199,70.61662,179.12386,92.03923,270.41142,56.24151
210,phenylpropanoid,C/C=C/c1ccc(O)c(OC)c1,9.25409,0.17199,0.16057,-0.50425,2.16667,3.04583,289.8901,-1.44,72.10935,29.46,0.2,2.4339,-8.378,0.039,8.417,1.71749,73.36758,175.28354,101.12694,275.65881,53.74508
211,phenylpropanoid,O=C/C=C/c1ccccc1,9.89137,0.77083,0.14236,-0.29856,1.8,2.75877,223.7434,-1.37,59.99815,17.07,0,1.8987,-9.615,-1.044,8.571,3.85151,65.0487,206.02004,80.61779,285.88616,35.19885
212,phenylpropanoid,C/C=C/c1ccc(OC)cc1,5.02322,0.90116,0.1184,-0.49677,1.81818,2.82404,233.55462,-1.24,67.31511,9.23,0.2,2.7283,-8.556,0.169,8.725,1.49613,75.56448,179.01026,115.55262,293.81121,37.78958
213,phenylpropanoid,C=CCc1ccc(O)c(OC)c1,9.25235,0.17159,0.16026,-0.50425,2.33333,2.95956,279.16711,-1.44,72.10935,29.46,0.2,2.1293,-8.619,0.162,8.781,2.8583,72.22581,181.3897,101.89608,282.53411,45.72801
214,phenylpropanoid,O=c1ccc2ccccc2o1,10.71676,-0.30213,0.33569,-0.42273,1.81818,2.93535,428.51082,-1.57,63.07941,30.21,0,1.793,-9.556,-1.189,8.367,4.60998,102.42774,202.93969,107.74376,309.93178,48.53227
215,phenylpropanoid,COc1cc([C@H]2OC[C@@H]3[C@@H](c4ccc(O)c(OC)c4)OC[C@H]23)ccc1O,9.80491,-0.0986,0.16035,-0.50425,1.19231,1.57808,737.38357,-2.44,151.43902,77.38,0.4,3.1902,-8.582,0.009,8.591,1.24478,68.01174,179.02524,92.20262,270.47619,53.57186
216,phenylpropanoid,O=C(O)/C=C/c1cccc(O)c1,10.10825,-1.00153,0.32782,-0.50794,2.16667,2.8264,315.30462,-1.77,69.58662,57.53,0,1.49,-9.519,-0.955,8.564,2.37817,83.19205,202.94775,66.66131,268.85739,70.37097
217,phenylpropanoid,COc1ccc(C[C@H]2COC(=O)[C@@H]2Cc2ccc(O[C@@H]3O[C@H](CO)[C@@H](O)[C@H](O)[C@H]3O)c(OC)c2)cc1OC,12.60781,-1.56282,0.3092,-0.49287,1.42105,1.46957,1104.42659,-3.09,219.9707,153.37,0.51852,0.4655,-8.404,-0.505,7.899,3.48314,68.19029,165.78798,83.55883,248.59514,75.63146
218,phenylpropanoid,O=c1ccc2ccc3occc3c2o1,11.05171,-0.34148,0.33571,-0.4642,1.85714,2.66393,660.65504,-2.03,78.5554,43.35,0,2.5392,-9.249,-1.146,8.103,3.899,102.2056,194.89612,93.62919,287.77364,70.46827
219,phenylpropanoid,C/C=C(/C)C(=O)O[C@H]1c2cc(OC)c(OC)c(OC)c2-c2c(cc3c(c2OC)OCO3)C[C@H](C)[C@]1(C)O,13.04878,-1.48181,0.33359,-0.4927,1.7027,2.16761,1245.18954,-3.59,216.37688,101.91,0.46429,4.6104,-8.347,0.118,8.465,1.48248,75.79679,163.62137,124.24141,287.11111,44.72199
220,phenylpropanoid,O=C(/C=C/c1ccc(O[C@@H]2O[C@H](CO)[C@@H](O)[C@H](O)[C@H]2O)cc1)c1ccc(O)cc1O,12.17038,-1.53664,0.22872,-0.50782,1.7,1.64553,907.1931,-2.95,171.23156,156.91,0.28571,0.1726,-9.101,-0.703,8.398,5.40422,72.37749,199.42431,50.00031,248.67295,79.74085
221,phenylpropanoid,O=c1cc(O)cc(/C=C/c2ccc(O)c(O)c2)o1,10.9876,-0.64981,0.3394,-0.50754,1.72222,2.2931,654.67145,-2.69,101.87782,90.9,0,1.927,-9.014,-1.314,7.7,4.27908,76.31698,188.47423,70.02042,257.74298,74.61031
222,phenylpropanoid,O=c1ccc2ccc(O)cc2o1,10.74643,-0.40917,0.33569,-0.50782,1.91667,2.8865,470.4025,-1.77,67.87364,50.44,0,1.4986,-9.379,-1.131,8.248,3.5855,85.66793,198.97735,59.37497,257.60065,84.10359
223,phenylpropanoid,CCCCC[C@H](O)CC(=O)CCc1ccc(O)c(OC)c1,11.84025,-0.51537,0.16025,-0.50425,2.09524,2.35303,442.41629,-1.55,126.3093,66.76,0.58824,3.2338,-8.778,-0.173,8.605,3.85526,69.3772,176.6697,88.34585,264.26388,61.14963
224,phenylpropanoid,O=C(O)/C=C/c1ccc(O)c(O)c1,10.1258,-1.06244,0.32782,-0.50426,1.92308,2.91512,354.63238,-1.97,74.38085,77.76,0,1.1956,-9.185,-1.009,8.176,4.17043,75.30547,194.75269,60.91296,254.91398,76.4278
225,phenylpropanoid,COc1cc(CCC(C)=O)ccc1O,10.75784,0.12414,0.16025,-0.50425,2.21429,2.73736,331.30457,-1.51,83.32541,46.53,0.36364,1.9224,-8.564,0.066,8.63,2.66619,74.76834,180.13128,97.66476,277.04437,53.76028
226,phenylpropanoid,COc1cc(/C=C/C(=O)O)ccc1O,10.22659,-1.01663,0.32782,-0.50425,2.21429,2.94851,368.38479,-1.97,81.0651,66.76,0.1,1.4986,-8.86,-0.904,7.956,2.67222,74.95418,186.36526,74.00492,259.61851,71.37198
227,phenylpropanoid,O=C(/C=C/c1ccc(O)c(O)c1)O[C@@H]1C[C@](O)(C(=O)O)C[C@@H](O)[C@H]1O,11.82685,-2.30947,0.33543,-0.50426,1.84,2.05888,698.84585,-2.62,141.58738,164.75,0.375,-0.6459,-9.287,-1.256,8.031,6.44418,73.08505,195.41085,61.69845,256.35763,72.76373
228,phenylpropanoid,O=C(O)/C=C/c1ccc(O)cc1,10.10337,-0.98326,0.32782,-0.50797,1.83333,2.77203,298.05462,-1.77,69.58662,57.53,0,1.49,-9.348,-0.947,8.401,3.09309,81.8702,198.13628,61.72996,259.11457,78.79194
229,polyphenol,O=C(/C=C/c1ccc(O)c(O)c1)c1ccc(O)cc1O,11.86167,-0.44901,0.18907,-0.50782,1.6,2.21897,688.65838,-2.95,114.23218,97.99,0,2.4051,-9.042,-0.833,8.209,0.62976,76.3557,189.17863,70.33031,258.75727,73.63474
230,polyphenol,O=C(/C=C/c1ccc(O)cc1)c1ccc(O)cc1O,11.83924,-0.36984,0.18907,-0.50797,1.52632,2.18465,627.09388,-2.75,109.43794,77.76,0,2.6995,-8.988,-0.583,8.405,5.89654,79.52437,185.4275,71.23724,255.91307,79.64761
231,polyphenol,O=C(CCc1ccc(O)cc1)c1c(O)cc(O)cc1O,11.98688,-0.44611,0.17018,-0.50797,1.4,2.10895,608.20729,-2.69,114.92178,97.99,0.13333,2.3245,-8.93,-0.222,8.708,5.29909,73.54604,189.8888,68.82534,257.96247,71.61988
232,polyphenol,COc1c(O)cc2oc3cc(O)c(CC=C(C)C)c(O)c3c(=O)c2c1CC=C(C)C,13.48049,-0.44661,0.20423,-0.50737,1.43333,2.45108,1252.88598,-3.41,173.89247,100.13,0.29167,5.089,-9.006,-0.76,8.246,2.46378,70.89976,170.30674,85.20159,254.75666,72.17941
233,polyphenol,O=C(/C=C/c1ccc(O)cc1)CC(=O)/C=C/c1ccc(O)cc1,11.72574,-0.29312,0.16292,-0.50797,1.04348,1.87655,672.44401,-3.14,133.5754,74.6,0.05263,3.3527,-9.172,-0.907,8.265,1.16746,81.18703,174.51601,79.40005,253.16439,84.05895
234,polyphenol,COc1c2occc2c(OC)c2c(=O)cc(C)oc12,12.18681,-0.16944,0.2058,-0.49505,1.84211,2.68228,825.0705,-2.43,107.87732,61.81,0.21429,2.86482,-8.578,-0.544,8.034,2.28373,81.1962,170.43406,106.08358,275.76597,61.46654
235,polyphenol,COc1cc(O)c(CC=C(C)C)c(O)c1C(=O)/C=C/c1ccc(O)cc1,12.61391,-0.45289,0.19285,-0.50797,1.76923,2.42054,856.96044,-3.21,152.05154,86.99,0.19048,4.2168,-8.868,-0.623,8.245,4.95841,70.4843,173.57405,86.98458,259.80696,66.71365
236,polyphenol,COc1ccc(CCC(=O)c2c(O)cc(O[C@@H]3O[C@H](CO)[C@@H](O)[C@H](O)[C@H]3O[C@@H]3O[C@@H](C)[C@H](O)[C@@H](O)[C@H]3O)cc2O)cc1O,12.85311,-1.78571,0.22914,-0.50691,1.51163,1.5091,1247.70978,-3.25,245.19326,245.29,0.53571,-1.342,-8.847,-0.364,8.483,12.00668,67.68848,165.73035,68.67785,233.65653,90.06826
237,polyphenol,O=C(/C=C/c1ccc(O)c(O)c1)O[C@@H]1C[C@@](O)(C(=O)O)C[C@@H](O)[C@@H]1O,11.82685,-2.30947,0.33543,-0.50426,1.84,2.05888,698.84585,-2.62,141.58738,164.75,0.375,-0.6459,-9.186,-1.111,8.075,2.47056,72.56426,187.59616,66.07004,252.91453,75.68604
238,polyphenol,O=C(CCc1ccc(O)cc1)c1c(O)cc(O)cc1O[C@@H]1O[C@H](CO)[C@@H](O)[C@H](O)[C@H]1O,12.79428,-1.73404,0.22876,-0.50797,1.6129,1.81809,911.12162,-2.89,176.71539,177.14,0.38095,-0.2024,-8.905,-0.521,8.384,4.31643,68.5074,177.87325,70.23531,247.35689,77.18682
239,polyphenol,Oc1cc2c(cc1O)[C@@H]1c3ccc(O)c(O)c3OC[C@]1(O)C2,10.88876,-1.22324,0.20033,-0.50425,1.68182,1.96816,799.70842,-2.6,125.02132,110.38,0.25,1.3205,-8.748,-0.191,8.557,3.50905,71.61256,183.72767,83.16963,266.14563,61.50324
240,polyphenol,COc1ccc(/C=C/C(=O)c2c(O)cc(OC)cc2OC)cc1,12.34897,-0.36313,0.19284,-0.50689,1.6087,2.27141,716.93696,-2.95,134.28494,64.99,0.16667,3.3141,-8.846,-0.354,8.492,4.43929,82.20127,182.28672,95.21618,276.75123,61.48635
241,polyphenol,C=CC(C)(C)c1cc(/C=C/C(=O)c2ccc(O)cc2)c(OC)cc1O,12.25905,-0.43064,0.18536,-0.50797,1.8,2.40017,814.53485,-3.01,147.25731,66.76,0.19048,4.4661,-8.74,-0.512,8.228,4.70001,82.0147,194.68863,67.74186,261.67882,76.37219
242,polyphenol,COc1cc(/C=C/C(=O)CC(=O)/C=C/c2ccc(O)c(OC)c2)ccc1O,11.9294,-0.34724,0.16292,-0.50425,1.22222,1.95886,822.04,-3.54,156.53237,93.06,0.14286,3.3699,-8.828,-0.936,7.892,2.82691,74.87693,183.38655,70.36833,253.00321,77.91003
243,polyphenol,O=c1c2cc(O)c(O)cc2oc2cc(O)c([C@@H]3O[C@H](CO)[C@@H](O)[C@H](O)[C@H]3O)c(O)c12,12.90997,-1.81432,0.20394,-0.50728,1.46667,1.97658,1199.00089,-3.09,166.41231,201.28,0.31579,-0.7165,-9.034,-0.725,8.309,4.47029,71.27649,193.62273,46.11106,238.98212,88.33068
244,steroid,CC[C@H](CC[C@@H](C)[C@H]1CC[C@H]2[C@@H]3CC=C4C[C@@H](OC(C)=O)CC[C@]4(C)[C@H]3CC[C@@]21C)C(C)C,11.51825,-0.11473,0.30241,-0.46222,1.81818,1.45553,737.20526,-0.79,204.24965,26.3,0.90323,8.5956,-9.068,1.266,10.334,2.42777,70.45365,183.42195,98.74373,281.41401,45.07595
245,steroid,C[C@H]1CC[C@@H]2N(C1)C[C@@H]1[C@H](CC[C@H]3[C@@H]4CC(=O)[C@H]5C[C@@H](O)CC[C@]5(C)[C@H]4C[C@H]31)[C@]2(C)O,13.24684,-0.57044,0.13643,-0.39311,1.70968,1.30715,750.76358,-0.45,187.70258,60.77,0.96296,3.8863,-8.817,0.896,9.713,5.50585,68.4327,158.57744,128.18487,286.01064,38.45837
246,steroid,CC(C)=CCC[C@](C)(O[C@@H]1O[C@H](CO)[C@@H](O)[C@H](O)[C@H]1O)[C@H]1CC[C@]2(C)[C@@H]1[C@H](O)C[C@@H]1[C@@]3(C)CC[C@H](O[C@@H]4O[C@H](CO)[C@@H](O)[C@H](O)[C@H]4O[C@@H]4O[C@H](CO)[C@@H](O)[C@H](O)[C@H]4O)C(C)(C)[C@@H]3CC[C@]12C,12.65792,-1.79131,0.18689,-0.39357,1.13636,1.12838,1678.75979,-0.98,388.37319,298.14,0.95833,-0.0268,-9.171,0.666,9.837,7.54115,71.68375,189.13791,71.74525,260.13149,67.58857
247,steroid,C[C@H]1CC[C@]2(NC1)O[C@H]1C[C@H]3[C@@H]4CC[C@H]5C[C@@H](O[C@@H]6O[C@H](CO)[C@H](O[C@@H]7O[C@H](CO)[C@@H](O)[C@H](O[C@@H]8OC[C@@H](O)[C@H](O)[C@H]8O)[C@H]7O[C@@H]7O[C@H](CO)[C@@H](O)[C@H](O)[C@H]7O)[C@H](O)[C@H]6O)CC[C@]5(C)[C@H]4CC[C@]3(C)[C@H]1[C@@H]2C,11.80974,-1.99337,0.18715,-0.39357,1.16667,0.81241,1830.92904,-0.88,419.66568,337.86,1,-2.6973,-8.812,1.247,10.059,4.48414,62.57821,169.07612,125.78067,294.10512,24.5094
248,steroid,CC[C@H](CC[C@@H](C)[C@H]1CC[C@H]2[C@@H]3CC=C4C[C@@H](O)CC[C@]4(C)[C@H]3CC[C@@]21C)C(C)C,10.24631,-0.07942,0.05774,-0.3928,1.76667,1.47315,634.27484,-0.3,187.03894,20.23,0.93103,8.0248,-9.245,1.252,10.497,2.4553,71.56907,189.35494,114.84619,303.44946,24.15592
249,steroid,CC1=C2C(=O)[C@H]3[C@@H](CC=C4C[C@@H](O)CC[C@@]43C)[C@@H]2CC[C@]12O[C@@H]1C[C@H](C)CN[C@H]1[C@H]2C,14.1205,-0.2626,0.16295,-0.3928,2.03226,1.38572,875.70733,-0.97,186.43272,58.56,0.81481,4.1809,-9.124,0.087,9.211,5.52212,65.59028,177.09869,110.19275,286.53977,35.08682
250,steroid,C[C@H]1[C@H]2[C@H](C[C@H]3[C@@H]4CC[C@H]5C[C@@H](O)CC[C@]5(C)[C@H]4CC(=O)[C@@]32C)O[C@]12CC[C@@H](C)CO2,13.99915,-0.44831,0.17108,-0.39312,1.80645,1.30142,756.33539,-0.45,187.37561,55.76,0.96296,4.9728,-9.681,0.922,10.603,2.65385,72.59913,200.38136,93.14245,292.77214,35.8633
251,steroid,CC(C)(O)[C@@H]1CC[C@](C)([C@H]2[C@@H](O)C[C@@]3(C)[C@@H]4C[C@H](O)[C@H]5C(C)(C)[C@@H](O)CC[C@@]56C[C@@]46CC[C@]23C)O1,11.7291,-0.88553,0.08647,-0.39278,1.45714,1.36602,910.91316,-0.2,211.57807,90.15,1,4.4366,-9.541,2.397,11.938,5.57903,72.81521,199.41057,90.18454,288.84344,40.00808
252,steroid,C[C@H]1O[C@@H](O[C@H]2[C@@H](O)C[C@H](O[C@H]3[C@@H](O)C[C@H](O[C@H]4CC[C@]5(C)[C@H]6CC[C@]7(C)[C@@H](C8=CC(=O)OC8)CC[C@]7(O)[C@@H]6CC[C@@H]5C4)O[C@@H]3C)O[C@@H]2C)C[C@H](O)[C@@H]1O,12.55798,-0.99569,0.33066,-0.45798,1.2963,0.82631,1374.41768,-1.23,318.52819,182.83,0.92683,3.2473,-9.913,-0.246,9.667,6.76389,71.3487,200.58235,56.63377,256.46445,70.92056
253,steroid,CC(C)=CCC[C@](C)(O[C@@H]1O[C@H](CO)[C@@H](O)[C@H](O)[C@H]1O)[C@H]1CC[C@]2(C)[C@@H]1[C@H](O)C[C@@H]1[C@@]3(C)CC[C@H](O)C(C)(C)[C@@H]3[C@@H](O[C@@H]3O[C@H](CO)[C@@H](O)[C@H](O)[C@H]3O[C@@H]3O[C@@H](C)[C@H](O)[C@@H](O)[C@H]3O)C[C@]12C,12.73742,-1.74993,0.18688,-0.39357,1.27273,1.26794,1697.4469,-0.98,388.37319,298.14,0.95833,-0.0284,-9.244,1.064,10.308,9.92739,65.36038,184.18883,71.9828,255.41996,65.97673
254,steroid,C[C@H]1[C@H]2[C@@H](O[C@]13CC[C@@H](C)CO3)[C@@H](O)[C@H]1[C@@H]3CC[C@H]4C[C@@H](O[C@@H]5O[C@H](CO)[C@H](O[C@@H]6O[C@H](CO)[C@@H](O)[C@H](O[C@@H]7OC[C@@H](O)[C@H](O)[C@H]7O)[C@H]6O[C@@H]6O[C@H](CO)[C@H](O)[C@H](O[C@@H]7O[C@H](CO)[C@@H](O)[C@H](O)[C@H]7O)[C@H]6O)[C@H](O)[C@H]5O)[C@H](O)C[C@]4(C)[C@H]3CC[C@@]12C,12.30638,-2.21228,0.18715,-0.39357,1.01176,0.79662,2216.01712,-1.16,490.61144,454.67,1,-6.5045,-9.693,0.765,10.458,3.15966,56.26523,190.77692,49.30153,239.32678,72.97476
255,steroid,CC(C)=CCC[C@@](C)(O)[C@H]1CC[C@]2(C)[C@@H]1[C@H](O)C[C@@H]1[C@@]3(C)CC[C@H](O[C@@H]4O[C@H](CO)[C@@H](O)[C@H](O)[C@H]4O)C(C)(C)[C@@H]3CC[C@]12C,12.01554,-1.45934,0.18649,-0.39357,1.54545,1.37286,1068.35424,-0.58,264.78596,139.84,0.94444,4.3248,-9.064,1.382,10.446,4.17338,72.54794,159.02787,117.20704,275.48324,53.10101
256,steroid,C[C@H]1[C@H]2[C@H](C[C@H]3[C@@H]4CC=C5C[C@@H](O)CC[C@]5(C)[C@H]4CC[C@@]32C)O[C@]12CC[C@@H](C)CO2,10.25602,-0.29385,0.17107,-0.3928,1.86667,1.2822,736.39021,-0.38,182.52448,38.69,0.92593,5.7139,-9.257,1.191,10.448,2.05087,70.42077,186.14168,114.47083,299.86084,26.59624
257,steroid,CC(C)=CCC[C@](C)(O)[C@H]1CC[C@]2(C)[C@@H]1[C@H](O)C[C@@H]1[C@@]3(C)CC[C@H](O)C(C)(C)[C@@H]3CC[C@]12C,11.75972,-0.73949,0.06541,-0.3928,1.54545,1.6623,779.41122,-0.38,202.99235,60.69,0.93333,6.5006,-9.36,1.217,10.577,3.54377,70.03001,188.9132,99.7081,287.86963,38.19669
258,steroid,C[C@H]1CC[C@@]2(OC1)O[C@H]1C[C@H]3[C@@H]4CC[C@@H]5C[C@@H](O)CC[C@]5(C)[C@H]4CC[C@]3(C)[C@H]1[C@@H]2C,10.29686,-0.28192,0.17107,-0.39312,1.63333,1.25857,683.59566,-0.12,183.21408,38.69,1,5.7938,-9.734,2.581,12.315,2.83983,73.23721,197.13752,118.12513,314.51098,14.76254
259,steroid,CC1(C)CC[C@]2(C(=O)O[C@@H]3O[C@H](CO)[C@@H](O)[C@H](O)[C@H]3O)CC[C@]3(C)C(=CC[C@@H]4[C@@]5(C)CC[C@H](O[C@@H]6O[C@H](C(=O)O)[C@@H](O)[C@H](O)[C@H]6O[C@@H]6O[C@H](CO)[C@@H](O)[C@H](O)[C@H]6O)C(C)(C)[C@@H]5CC[C@]43C)[C@@H]2C1,14.68108,-1.97755,0.33529,-0.47924,1.23881,1.05008,1874.39598,-1.92,390.89616,312.05,0.91667,0.2328,-9.539,0.496,10.035,6.34483,67.48698,181.0203,61.13697,241.4056,82.11769
260,steroid,CC(C)=CCC[C@](C)(O[C@@H]1O[C@H](CO)[C@@H](O)[C@H](O)[C@H]1O)[C@H]1CC[C@]2(C)[C@@H]1[C@H](O)C[C@@H]1[C@@]3(C)CC[C@H](O)C(C)(C)[C@@H]3CC[C@]12C,12.24327,-1.50379,0.18679,-0.39357,1.52273,1.486,1072.35424,-0.58,264.78596,139.84,0.94444,4.3248,-9.235,1.292,10.527,6.88816,79.39422,178.17598,89.39593,266.82024,68.61029
261,steroid,CC(C)=CCC[C@](C)(O[C@@H]1O[C@H](CO)[C@@H](O)[C@H](O)[C@H]1O)[C@H]1CC[C@]2(C)[C@@H]1[C@H](O)C[C@@H]1[C@@]3(C)CC[C@H](O)C(C)(C)[C@@H]3[C@@H](O[C@@H]3O[C@H](CO)[C@@H](O)[C@H](O)[C@H]3O)C[C@]12C,12.55581,-1.60723,0.18679,-0.39357,1.32143,1.38952,1404.85068,-0.82,331.37381,239.22,0.95238,1.1198,-9.349,1.109,10.458,5.21108,68.17756,181.01771,79.63429,259.90033,64.31354
262,steroid,C[C@]12CC[C@H](O)C[C@H]1CC[C@@H]1[C@@H]2CC[C@]2(C)[C@@H](C3=CC(=O)OC3)CC[C@]12O,12.11649,-0.62787,0.33066,-0.45798,1.85185,1.46739,685.86583,-0.87,161.91275,66.76,0.86957,3.6043,-10.213,-0.484,9.729,3.81992,66.49785,189.63389,74.83646,263.71868,58.81548
263,steroid,C[C@H]1O[C@@H](O[C@H]2[C@@H](O)C[C@H](O[C@H]3[C@@H](O)C[C@H](O[C@H]4CC[C@]5(C)[C@H]6C[C@@H](O)[C@]7(C)[C@@H](C8=CC(=O)OC8)CC[C@]7(O)[C@@H]6CC[C@@H]5C4)O[C@@H]3C)O[C@@H]2C)C[C@H](O)[C@@H]1O,12.5684,-1.01248,0.33066,-0.45798,1.29091,0.8375,1409.00374,-1.27,323.32242,203.06,0.92683,2.2181,-9.871,-0.071,9.8,10.06209,69.07396,201.1652,62.41301,262.82654,62.28373
264,steroid,CC(=O)OC(C)(C)/C=C/C(=O)[C@](C)(O)[C@H]1[C@H](O)C[C@@]2(C)[C@@H]3CC=C4[C@@H](C[C@H](O)C(=O)C4(C)C)[C@]3(C)C(=O)C[C@]12C,14.29894,-1.9922,0.30298,-0.45559,1.65,1.74728,1207.16066,-2.16,236.79226,138.2,0.75,3.4993,-9.483,0.296,9.779,9.06192,62.36709,191.16231,66.51313,256.92377,61.47963
265,steroid,CC[C@H](/C=C/[C@@H](C)[C@H]1CC[C@H]2[C@@H]3CC=C4C[C@@H](O)CC[C@]4(C)[C@H]3CC[C@@]21C)C(C)C,10.23988,-0.08702,0.05774,-0.3928,1.8,1.52012,673.85106,-0.56,186.34933,20.23,0.86207,7.8008,-9.213,1.261,10.474,2.43084,65.98866,188.52009,114.47631,302.24473,19.78024
266,stilbenoid,COc1cc(/C=C/c2cc(O)cc(O)c2)ccc1O,9.47778,0.00272,0.16057,-0.5078,1.47368,2.26743,597.28779,-2.62,110.38997,69.92,0.06667,2.9824,-8.679,-0.541,8.138,3.55715,76.82873,179.88547,89.04803,268.18183,64.68321
267,stilbenoid,COc1ccc(/C=C/c2cc(O)cc(O)c2)cc1O,9.63788,-0.00257,0.16002,-0.5078,1.47368,2.24485,597.28779,-2.62,110.38997,69.92,0.06667,2.9824,-8.543,-0.51,8.033,0.41066,75.42516,177.07504,93.93231,270.25568,61.20579
268,stilbenoid,OC[C@H]1O[C@@H](Oc2cc(O)cc(/C=C/c3ccc(O)cc3)c2)[C@H](O)[C@@H](O)[C@@H]1O,10.05699,-1.55364,0.22872,-0.50797,1.5,1.76341,817.45544,-2.62,160.70509,139.84,0.3,0.4469,-8.927,-0.534,8.393,3.14513,64.69403,182.04195,68.45075,249.74103,70.98931
269,stilbenoid,COc1cc(/C=C/c2ccc(O)cc2)cc(OC)c1,9.22138,0.26407,0.12265,-0.50797,1.31579,2.2412,548.79796,-2.42,112.27999,38.69,0.125,3.5798,-8.785,-0.337,8.448,0.58841,79.59029,179.98158,87.68677,266.91668,68.70992
270,stilbenoid,Oc1cc(O)cc(/C=C/c2ccc(O)cc2O)c1,9.56853,-0.04572,0.12598,-0.50782,1.33333,2.29466,582.48814,-2.62,103.70571,80.92,0,2.6794,-8.792,-0.544,8.248,2.39038,80.25895,179.60768,81.18471,260.04072,76.25454
271,stilbenoid,Oc1cc(O)cc(/C=C/c2c(O)cccc2O)c1,9.56853,-0.05912,0.12602,-0.5078,1.27778,2.3567,562.23814,-2.62,103.70571,80.92,0,2.6794,-9.073,-0.629,8.444,2.49049,81.68563,185.73216,74.95351,259.934,77.78794
272,stilbenoid,COc1ccc(/C=C\c2cc(OC)c(OC)c(OC)c2)cc1O,9.80577,0.0968,0.2028,-0.50424,1.26087,2.33543,681.5484,-2.82,135.23696,57.15,0.22222,3.597,-8.404,-0.186,8.218,2.24068,68.81452,165.35065,105.40248,270.00146,54.84937
273,stilbenoid,Oc1cc(O)cc(/C=C/c2ccc(O)c(O)c2)c1,9.32163,-0.19824,0.15749,-0.5078,1.22222,2.26502,582.48814,-2.62,103.70571,80.92,0,2.6794,-8.822,-0.593,8.229,3.13098,75.73508,183.41181,83.94293,266.60307,65.16832
274,stilbenoid,COc1cc(O)cc(/C=C/c2ccc(O)cc2)c1,9.51165,0.16639,0.12264,-0.50797,1.5,2.22453,556.45144,-2.42,105.59573,49.69,0.06667,3.2768,-8.873,-0.406,8.467,1.87686,79.75445,182.10934,84.41439,265.77206,70.0187
275,stilbenoid,Oc1ccc(/C=C/c2cc(O)cc(O)c2)cc1,9.30053,0.02348,0.11936,-0.50797,1.11765,2.22251,521.64382,-2.42,98.91148,60.69,0,2.9738,-8.913,-0.553,8.36,2.08016,80.01307,184.25324,80.9416,264.44317,71.60621
276,terpenoid,C=C(C)C1CC=C(C)CC1,3.97457,0.76731,-0.0171,-0.09985,2.4,2.49541,162.87712,-0.52,63.63869,0,0.6,3.3089,-9.178,1.237,10.415,0.91088,71.1538,191.80576,120.40578,311.45987,15.73024
277,terpenoid,CC1C(=O)OC2CC34C5CC(C(C)(C)C)C36C(OC(=O)C6O)OC4(C(=O)O5)C21O,13.32005,-1.96611,0.3424,-0.45936,1.72414,1.68358,892.87299,-1.71,166.16538,128.59,0.85,-0.3403,-10.702,0.095,10.797,7.31645,70.50203,184.38512,62.94263,246.57608,79.96226
278,terpenoid,C[C@@]12CC[C@H]3[C@]4(C)CCC[C@@](C)(C(=O)O)[C@H]4CC[C@]3(CC1=O)C2,12.63306,-0.60415,0.30915,-0.48082,1.73913,1.75558,583.43586,-0.86,138.7671,54.37,0.9,4.4431,-9.633,0.995,10.628,4.31741,74.24249,192.40264,86.27586,277.92683,52.35197
279,terpenoid,C=C(C)[C@@H]1CC[C@]2(CO)CC[C@]3(C)[C@H](CC[C@@H]4[C@@]5(C)CC[C@H](O)C(C)(C)[C@@H]5CC[C@]43C)[C@@H]12,10.89621,-0.14674,0.05937,-0.39579,1.53125,1.54885,785.7011,-0.34,197.19228,40.46,0.93333,6.9972,-9.363,1.413,10.776,3.47083,67.20359,193.30769,111.25216,303.80818,19.43172
280,terpenoid,C=C(C)[C@@H]1CC[C@]2(C(=O)O)CC[C@]3(C)[C@H](CC[C@@H]4[C@@]5(C)CC[C@H](O)C(C)(C)[C@@H]5CC[C@]43C)[C@@H]12,12.75514,-0.53772,0.30945,-0.48081,1.51515,1.56519,860.60302,-0.83,201.3538,57.53,0.9,7.0895,-9.651,1.083,10.734,2.87153,66.06388,201.41914,77.46935,278.13682,43.96337
281,terpenoid,CC(C)(C)[C@]1(O)C[C@@H]2OC(=O)C[C@@]23C(=O)O[C@@H]2OC(=O)[C@H](O)[C@@]231,12.61212,-1.7753,0.33862,-0.46094,1.78261,2.04989,650.35254,-1.67,131.23879,119.36,0.8,-0.7438,-10.906,0.012,10.918,7.68228,71.37818,193.35819,68.20969,260.81621,66.59828
282,terpenoid,CC1(C)CCC[C@@]2(C)[C@H]1CC[C@@]1(C)OC(=O)C[C@H]21,11.77051,-0.17088,0.30629,-0.45901,1.77778,2.00014,386.5582,-0.53,110.47096,26.3,0.9375,3.9346,-10.365,1.272,11.637,5.47303,68.47622,205.94238,69.8256,275.01631,49.49622
283,terpenoid,C=C(C)[C@@H]1CC=C(C)CC1,3.97457,0.76731,-0.0171,-0.09985,2.4,2.49541,162.87712,-0.52,63.63869,0,0.6,3.3089,-9.188,1.234,10.422,1.09441,71.1166,191.99006,119.95844,311.19683,15.95608
284,terpenoid,CC(C)=C1C/C=C(\C)CC/C=C(\C)CC1=O,12.06267,0.29139,0.16262,-0.29418,1.8125,2.99273,362.89619,-1.11,98.93532,17.07,0.53333,4.3585,-9.1,0.351,9.451,2.78346,69.85441,189.7835,100.32615,289.35798,36.53274
285,terpenoid,COC(=O)C1=CO[C@@H](O)[C@@H]2C(CO)=CC[C@H]12,11.47337,-1.00064,0.33667,-0.47151,2.4375,2.25606,357.38642,-1.33,92.97488,75.99,0.54545,-0.0533,-9.893,-0.205,9.688,1.38048,66.09374,203.30805,67.20313,269.75951,52.37054
286,terpenoid,C[C@@H]1CC[C@H]2C(C)(C)[C@H]3C[C@]21CC[C@@]3(C)O,10.6346,-0.40396,0.0653,-0.38987,1.6875,2.06724,313.39664,-0.04,99.62518,20.23,1,3.6098,-9.987,3.012,12.999,1.65107,74.05154,195.89341,116.39493,311.53667,18.55118
287,terpenoid,C[C@@]12C[C@H](O)C[C@@](C)(CO)[C@H]1CCC1=C[C@@](C)([C@@H](O)CO)CC[C@H]12,10.49564,-0.71191,0.08582,-0.3958,1.875,1.95304,517.76824,-0.42,145.14299,80.92,0.9,2.2519,-9.289,1.113,10.402,3.2399,68.74711,187.1685,101.68869,288.10552,36.6779
288,terpenoid,COC(=O)C1=CO[C@@H](O[C@@H]2O[C@H](CO)[C@@H](O)[C@H](O)[C@H]2O)[C@@H]2C(CO)=CC[C@H]12,11.96387,-1.58529,0.33667,-0.4712,1.92593,1.80189,614.83538,-1.53,154.7685,155.14,0.70588,-2.2291,-9.802,-0.135,9.667,2.22159,70.47492,200.36526,62.74299,262.35658,64.15465
289,terpenoid,C=C[C@H]1[C@H](O[C@@H]2O[C@H](CO)[C@@H](O)[C@H](O)[C@H]2O)OC=C2C(=O)OCC[C@]21O,11.84595,-1.63082,0.33963,-0.471,2,1.80943,589.57954,-1.53,148.40356,155.14,0.6875,-2.4767,-10.419,-0.492,9.927,2.33527,73.85861,211.83265,41.99424,253.07522,76.8197
290,terpenoid,C[C@@H]1[C@H]2C3=CC[C@@H]4[C@@]5(C)CCC(=O)C(C)(C)[C@@H]5CC[C@@]4(C)[C@]3(C)CC[C@@]2(C(=O)O)CC[C@H]1C,12.89986,-0.56863,0.30975,-0.48081,1.63636,1.61972,915.5025,-1.12,200.72109,54.37,0.86667,7.2977,-9.185,1.109,10.294,4.50179,67.66714,195.42523,84.68038,279.35394,44.34951
291,terpenoid,C[C@@H]1C(=O)O[C@H]2[C@H](O)[C@@]34[C@H]5C[C@@H](C(C)(C)C)[C@]36[C@@H](OC(=O)[C@@H]6O)O[C@@]4(C(=O)O5)[C@@]12O,13.35449,-2.24447,0.34251,-0.45925,1.7,1.72077,925.0382,-1.75,170.95961,148.82,0.85,-1.3695,-10.766,-0.176,10.59,4.88762,74.11077,231.5622,28.95543,259.76596,70.38112
292,terpenoid,C=C(C)[C@@H]1CCC2=CC(=O)C[C@@H](C)[C@]2(C)C1,11.59204,0.24581,0.15546,-0.29485,2.25,2.2991,363.63124,-0.85,98.61909,17.07,0.66667,3.9042,-9.763,0.019,9.782,5.1414,71.3186,206.96039,77.32873,283.53745,43.81746
293,terpenoid,CC1(C)O[C@H]2CC(=O)OC[C@@]23[C@H]1CC(=O)[C@]1(C)[C@@H]3CC[C@@]2(C)[C@H](c3ccoc3)OC(=O)[C@H]3O[C@]321,14.23108,-0.97646,0.33854,-0.47219,1.76471,1.40938,1123.83471,-2.19,197.15822,104.57,0.73077,3.1374,-9.604,0.21,9.814,5.53662,66.31563,200.9024,73.5058,273.65653,48.69541
294,terpenoid,C=C1C(=O)O[C@H]2[C@H]1CC/C(C)=C/CC[C@@]1(C)O[C@H]21,11.69485,-0.23266,0.33372,-0.45547,2.27778,1.87189,437.01967,-1.09,107.84035,38.83,0.66667,2.762,-9.726,-0.246,9.48,7.22964,71.2259,201.58764,68.91598,269.75195,57.51026
295,terpenoid,Cc1cc2c(C(C)C)c(O)c(O)c(C=O)c2c(O)c1-c1c(C)cc2c(C(C)C)c(O)c(O)c(C=O)c2c1O,12.00059,-0.66114,0.16875,-0.50661,0.86842,2.27474,1554.01592,-4.46,218.58969,155.52,0.26667,6.38224,-8.865,-1.263,7.602,2.93545,69.48346,182.76978,65.32798,247.34609,78.17368
296,terpenoid,CC(C)=CCC/C(C)=C/C=O,10.0205,0.84509,0.14228,-0.29857,1.90909,3.62576,171.3118,-0.85,68.80605,17.07,0.5,2.878,-9.465,-0.011,9.454,3.56756,69.8942,197.85911,87.84378,284.95122,40.97929
297,terpenoid,CC12CCC(CC1=O)C2(C)C,11.57312,0.02546,0.1391,-0.29906,2,2.47415,216.91267,-0.33,68.17359,17.07,0.9,2.4017,-9.654,1.082,10.736,3.21531,82.94741,194.34191,104.01311,297.60335,41.38037
298,terpenoid,CC1(C)CC[C@]2(C(=O)O)CC[C@]3(C)C(=CC[C@@H]4[C@@]5(C)CC[C@H](O)[C@@](C)(CO)[C@@H]5CC[C@]43C)[C@@H]2C1,12.76262,-0.58773,0.30974,-0.48081,1.61765,1.59546,907.4814,-0.87,206.14804,77.76,0.9,6.206,-9.153,1.051,10.204,2.99591,65.2435,182.93358,95.37567,277.55758,43.72223
299,terpenoid,C[C@@H]1[C@H]2C3=CC[C@@H]4[C@@]5(C)C[C@@H](O)[C@H](O)[C@@](C)(CO)[C@@H]5CC[C@@]4(C)[C@]3(C)CC[C@@]2(C(=O)O)CC[C@H]1C,12.81214,-0.9068,0.30975,-0.48081,1.68571,1.62193,929.70765,-0.91,210.94227,97.99,0.9,5.0327,-9.225,1.088,10.313,2.91483,70.22357,184.09428,95.32992,278.67253,47.58735
300,terpenoid,CC(C)=CCC/C(C)=C/CC/C(C)=C/CO,8.71504,0.16181,0.06144,-0.3923,1.3125,3.78818,265.15954,-0.82,100.57387,20.23,0.6,4.3979,-9.08,0.974,10.054,3.67886,70.3484,194.3447,106.63138,300.22441,26.1603
301,terpenoid,CC1(C)C=C2[C@H]3CC[C@@H]4[C@@]5(C)CCC(=O)C(C)(C)[C@@H]5CC[C@@]4(C)[C@]3(C)CC[C@@]2(C(=O)O)CC1,12.89838,-0.63567,0.31328,-0.48058,1.48485,1.58925,926.8262,-1.12,200.72109,54.37,0.86667,7.4418,-9.394,0.997,10.391,3.33823,69.46071,196.20714,81.57055,277.02602,48.471
302,terpenoid,CC(C)c1cc2c(c(O)c1O)[C@@]1(C(=O)O)CCCC(C)(C)[C@@H]1CC2,12.45065,-1.09087,0.31408,-0.50405,1.875,2.30603,689.36953,-1.71,143.07315,77.76,0.65,4.3161,-8.667,0.052,8.719,3.07442,66.38995,170.78135,86.7732,256.80288,65.62338
303,terpenoid,Cc1coc2c1C(=O)C(=O)c1c-2ccc2c1CCCC2(C)C,12.72123,-0.42544,0.23721,-0.46325,1.81818,2.07125,836.60546,-2.16,128.87869,47.28,0.36842,4.24792,-9.047,-1.417,7.63,4.68928,75.2103,188.45803,92.11063,279.81699,51.42962
304,terpenoid,CC1=C(O)C(=O)C=C2C1=CC=C1[C@@]3(C)CC[C@@]4(C)CC[C@@](C)(C(=O)O)C[C@H]4[C@]3(C)CC[C@@]21C,12.58048,-0.65481,0.30886,-0.50392,1.63636,1.64415,1104.65573,-2.1,197.08157,74.6,0.65517,6.6977,-8.425,-1.326,7.099,7.24589,71.20754,170.64881,94.71129,264.60843,62.63542
305,terpenoid,C=C[C@](C)(O)CC[C@@H]1[C@@]2(C)CCCC(C)(C)[C@@H]2CC[C@@]1(C)O,11.07064,-0.82979,0.07967,-0.38987,1.81818,2.27925,421.42318,-0.34,136.56035,40.46,0.9,4.6972,-9.961,1.115,11.076,1.66308,68.96056,173.9396,129.96869,303.15662,21.84025
306,terpenoid,CC1(C)CC[C@]2(C(=O)O)CC[C@]3(C)C(=CC[C@@H]4[C@@]5(C)CC[C@H](O)C(C)(C)[C@@H]5CC[C@]43C)[C@@H]2C1,12.75323,-0.55347,0.30974,-0.48081,1.54545,1.59782,884.9726,-0.83,201.3538,57.53,0.9,7.2336,-9.053,1.122,10.175,2.20861,65.04398,182.07377,98.02661,279.34871,41.73158
307,terpenoid,C[C@@H]1[C@H]2C3=CC[C@@H]4[C@@]5(C)CC[C@H](O)C(C)(C)[C@@H]5CC[C@@]4(C)[C@]3(C)CC[C@@]2(C(=O)O)CC[C@H]1C,12.79443,-0.55703,0.30975,-0.48081,1.60606,1.6127,873.76749,-0.83,201.3538,57.53,0.9,7.0895,-9.032,1.215,10.247,2.24545,69.00679,178.84561,103.38117,281.47511,43.56799
308,terpenoid,CC1=C2[C@H]3OC(=O)[C@@H](C)[C@@H]3CC[C@@]2(C)C=CC1=O,11.85764,-0.18042,0.3092,-0.45724,2.11111,2.09896,499.8681,-1.38,106.88833,43.37,0.6,2.4196,-9.862,-0.623,9.239,7.32183,65.99396,202.84142,70.52388,272.61363,49.41664
309,terpenoid,C=C1C[C@@]23CC[C@H]4[C@@](C)(CCC[C@@]4(C)C(=O)O[C@@H]4O[C@H](CO)[C@@H](O)[C@H](O)[C@H]4O)[C@@H]2CC[C@]1(O[C@@H]1O[C@H](CO)[C@@H](O)[C@H](O[C@@H]2O[C@H](CO)[C@@H](O)[C@H](O)[C@H]2O)[C@H]1O[C@@H]1O[C@H](CO)[C@@H](O)[C@H](O)[C@H]1O)C3,14.28043,-1.95485,0.314,-0.4323,1.02985,1.06491,1756.02963,-1.63,385.88467,374.13,0.93182,-5.1139,-9.87,0.623,10.493,8.83314,69.49519,189.19175,69.04122,257.4813,68.0502
310,terpenoid,CC1=C2C(=O)O[C@@H](c3ccoc3)[C@]2(C)CCC1,12.01905,-0.18148,0.33481,-0.47219,2.29412,2.10615,483.57542,-1.51,100.44896,39.44,0.5,3.3842,-9.446,0.048,9.494,5.28204,70.80488,199.90353,79.29063,278.44249,48.3987
311,terpenoid,CC(C)=CCC[C@](C)(O[C@@H]1O[C@H](CO)[C@@H](O)[C@H](O)[C@H]1O)[C@H]1CC[C@]2(C)[C@@H]1[C@H](O)C[C@@H]1[C@@]3(C)CC[C@H](O)C(C)(C)[C@@H]3[C@@H](O[C@@H]3O[C@H](CO)[C@@H](O)[C@H](O)[C@H]3O[C@@H]3OC[C@@H](O)[C@H](O)[C@H]3O)C[C@]12C,12.7188,-1.73368,0.18688,-0.39357,1.30769,1.2651,1663.63334,-0.98,382.00824,298.14,0.95745,-0.4169,-9.09,0.818,9.908,4.74119,68.2405,185.38655,65.36983,250.00471,74.2721
312,terpenoid,C=C(C)[C@@H]1CC=C(C=O)CC1,10.34572,0.60991,0.1452,-0.29827,2.54545,2.53822,200.91832,-0.85,67.80021,17.07,0.5,2.4879,-9.918,-0.207,9.711,3.35518,70.9093,207.51623,76.32477,283.08933,43.85628
313,terpenoid,CC1CCC(C(C)C)C(O)C1,9.70977,-0.02894,0.05729,-0.39282,1.90909,2.43716,120.04118,-0.04,69.81213,20.23,1,2.4395,-10.099,3.21,13.309,2.02411,70.48374,202.89138,113.78188,315.92159,10.59846
314,terpenoid,Cc1cccc2c3c(ccc12)C1=C(C(=O)C3=O)[C@@H](C)CO1,12.59075,-0.40601,0.2342,-0.49186,1.85714,2.13171,858.13764,-2.42,121.76793,43.37,0.22222,3.29102,-9.045,-1.688,7.357,5.34081,66.08353,190.07775,80.37551,269.70159,52.41825
315,terpenoid,CC(=O)O[C@@]12CO[C@@H]1C[C@H](O)[C@@]1(C)C(=O)[C@H](O)C3=C(C)[C@@H](OC(=O)[C@H](O)[C@@H](NC(=O)OC(C)(C)C)c4ccccc4)C[C@@](O)([C@@H](OC(=O)c4ccccc4)[C@@H]12)C3(C)C,14.94548,-2.35344,0.40775,-0.45574,1.55172,1.48571,1976.32897,-4.67,336.19091,224.45,0.55814,3.2596,-9.435,-0.724,8.711,5.3351,62.00582,184.62479,71.96752,255.84064,62.20149
316,terpenoid,CC(C)[C@]12O[C@H]1[C@@H]1O[C@@]13[C@@]1(C)CCC4=C(COC4=O)[C@@H]1C[C@@H]1O[C@@]13[C@@H]2O,12.0763,-0.65429,0.33392,-0.45777,2,1.38529,819.11905,-0.95,151.35267,84.12,0.85,1.1031,-10.222,-0.476,9.746,3.98925,63.85645,212.85861,54.56901,266.67595,53.21681
317,terpenoid,CC1(C)[C@@H](O)CC[C@@]2(C)[C@H]1CC[C@]1(C)[C@@H]2C(=O)C=C2[C@@H]3C[C@@](C)(C(=O)O)CC[C@]3(C)CC[C@]21C,14.20235,-0.71107,0.30887,-0.48083,1.55882,1.62202,964.85215,-1.16,205.51533,74.6,0.86667,6.4126,-9.442,0.084,9.526,7.96996,70.24493,192.60709,82.77479,274.63021,51.65103
318,terpenoid,C=C(C)[C@H]1CC=C(C)CC1,3.97457,0.76731,-0.0171,-0.09985,2.4,2.49541,162.87712,-0.52,63.63869,0,0.6,3.3089,-9.182,1.341,10.523,0.91412,69.6425,191.70223,118.99852,309.94908,15.72973
319,terpenoid,C[C@]12C(=O)OC(=O)[C@@]1(C)[C@@H]1CC[C@H]2O1,11.65993,-0.74306,0.32288,-0.39213,1.5,2.21043,318.03116,-0.9,81.55637,52.6,0.8,0.6436,-10.879,0.203,11.082,6.83132,84.5314,227.30517,54.55337,281.10687,59.46084
320,terpenoid,CC(C)[C@@H]1CC[C@@H](C)C[C@H]1O,9.70977,-0.02894,0.05729,-0.39282,1.90909,2.43716,120.04118,-0.04,69.81213,20.23,1,2.4395,-10.209,3.006,13.215,1.7302,73.19698,213.06176,100.71415,313.02424,16.20905
321,terpenoid,CC(C)c1cccc(O)c(=O)c1,11.09426,-0.31602,0.21989,-0.50412,2,3.31592,328.91991,-1.31,71.49247,37.3,0.3,1.8758,-9.059,-0.957,8.102,3.70532,73.89604,192.29172,74.01832,265.55837,64.37398
322,terpenoid,C=C1C(=O)O[C@H]2[C@H]1CCC(=C)[C@@H]1CCC(=C)[C@H]21,11.65561,-0.20281,0.33364,-0.4577,1.64706,2.0022,432.20277,-1.31,102.03721,26.3,0.53333,3.0166,-9.763,-0.179,9.584,4.96635,71.51094,201.00268,88.30849,288.5595,38.98775
323,terpenoid,CC(=O)O[C@@]12CO[C@@H]1C[C@H](O)[C@@]1(C)C(=O)[C@H](O)C3=C(C)[C@@H](O)C[C@@](O)([C@@H](OC(=O)c4ccccc4)[C@@H]12)C3(C)C,14.28536,-2.06582,0.33801,-0.45517,1.71795,1.8123,1239.71483,-2.63,226.11428,159.82,0.62069,1.0818,-9.5,-0.635,8.865,6.23019,64.8205,200.05904,61.6847,260.99207,59.86474
324,terpenoid,CC(=O)O[C@H]1C(=O)[C@]2(C)[C@@H](O)C[C@H]3OC[C@@]3(OC(C)=O)[C@H]2[C@H](OC(=O)c2ccccc2)[C@]2(O)C[C@H](OC(=O)[C@H](O)[C@@H](NC(=O)c3ccccc3)c3ccccc3)C(C)=C1C2(C)C,15.4838,-2.39096,0.33801,-0.45574,1.40323,1.38745,2280.34627,-5.74,357.88541,221.29,0.44681,3.7357,-9.612,-0.743,8.869,4.04017,64.6118,196.69176,55.90238,251.84247,68.80564
325,terpenoid,CC(C)=CCC[C@](C)(O)[C@H]1CC[C@]2(C)[C@@H]1[C@H](O)C[C@@H]1[C@@]3(C)CC[C@H](O[C@@H]4O[C@H](CO)[C@@H](O)[C@H](O)[C@H]4O[C@@H]4O[C@H](CO)[C@@H](O)[C@H](O)[C@H]4O)C(C)(C)[C@@H]3CC[C@]12C,12.17436,-1.75205,0.18689,-0.39357,1.32727,1.22564,1368.35046,-0.78,326.57957,218.99,0.95238,2.149,-9.252,1.016,10.268,3.40115,69.72953,166.15569,95.98792,261.39194,64.3739
326,terpenoid,C=C(C)[C@@H]1CC[C@]2(C)CC[C@]3(C)[C@H](CC[C@@H]4[C@@]5(C)CC[C@H](O)C(C)(C)[C@@H]5CC[C@]43C)[C@@H]12,10.89274,-0.11846,0.05937,-0.39256,1.45161,1.54376,766.37337,-0.3,192.39805,20.23,0.93333,8.0248,-9.492,1.257,10.749,2.71416,72.13137,198.70206,113.48161,311.432,16.73568
327,terpenoid,CC1(C)CC[C@]2(C(=O)O)CC[C@]3(CO)C(=CC[C@@H]4[C@@]5(C)C[C@H](O)[C@H](O[C@@H]6O[C@H](CO)[C@@H](O)[C@H](O)[C@H]6O)[C@@](C)(C(=O)O)[C@@H]5CC[C@]43C)[C@@H]2C1,13.36263,-1.75342,0.31192,-0.48081,1.52083,1.38407,1331.55396,-1.64,281.69164,214.44,0.88889,2.0657,-9.46,0.723,10.183,5.04706,68.89415,181.75884,78.59813,259.6053,65.32516
328,terpenoid,C[C@H]1O[C@@H](O[C@H]2CC[C@@]3(C)[C@@H](CC[C@]4(C)[C@@H]3C=C[C@]35OC[C@@]6(CCC(C)(C)C[C@H]63)[C@H](O)C[C@]54C)[C@]2(C)CO)[C@H](O)[C@@H](O[C@@H]2O[C@H](CO)[C@@H](O)[C@H](O)[C@H]2O)[C@H]1O,12.1295,-1.72172,0.18673,-0.3957,1.43636,1.04963,1492.44744,-0.78,324.88722,207.99,0.95238,1.7769,-9.403,0.83,10.233,7.17259,64.48442,190.47777,71.33233,261.05843,59.4623
329,terpenoid,C[C@H]1O[C@@H](O[C@H]2CC[C@@]3(C)[C@@H](CC[C@]4(C)[C@@H]3C=C[C@]35OC[C@@]6(CCC(C)(C)C[C@H]63)[C@@H](O)C[C@]54C)[C@]2(C)CO)[C@H](O)[C@@H](O[C@@H]2O[C@H](CO)[C@@H](O)[C@H](O)[C@H]2O)[C@H]1O,12.1295,-1.72172,0.18673,-0.3957,1.43636,1.04963,1492.44744,-0.78,324.88722,207.99,0.95238,1.7769,-9.053,0.762,9.815,3.31356,62.38965,187.97311,71.44992,258.67136,59.7546
330,terpenoid,C=C(C)[C@@H]1CC[C@]2(C(=O)O)CC[C@]3(C)[C@H](CC[C@@H]4[C@@]5(C)CCC(=O)C(C)(C)[C@@H]5CC[C@]43C)[C@@H]12,12.90406,-0.54742,0.30945,-0.48081,1.57576,1.57181,902.21779,-1.12,200.72109,54.37,0.86667,7.2977,-9.541,1.051,10.592,3.51274,72.19128,200.30633,78.6251,278.17976,50.04783
331,terpenoid,CC(C)=CCC/C(C)=C/C=C/C(C)=C/C=C/C(C)=C/C=C/C=C(C)/C=C/C=C(C)/C=C/C=C(\C)CCC=C(C)C,2.29651,1.11559,-0.02851,-0.08557,0.625,4.70244,1048.28354,-3.38,248.00715,0,0.35,12.938,-7.821,-0.552,7.269,0.52799,57.98711,146.34474,120.79323,266.3863,47.63712
332,terpenoid,CC(C)=CCC[C@](C)(O[C@@H]1O[C@H](CO)[C@@H](O)[C@H](O)[C@H]1O)[C@H]1CC[C@]2(C)[C@@H]1[C@H](O)C[C@@H]1[C@@]3(C)CC[C@H](O)C(C)(C)[C@@H]3[C@@H](O[C@@H]3O[C@H](CO)[C@@H](O)[C@H](O)[C@H]3O)C[C@]12C,12.55581,-1.60723,0.18679,-0.39357,1.32143,1.38952,1404.85068,-0.82,331.37381,239.22,0.95238,1.1198,-9.329,1.045,10.374,6.35301,47.77822,177.02048,56.11058,232.37939,71.43514
333,terpenoid,C[C@H]1COC2=C1C(=O)C(=O)c1c2ccc2c1CCCC2(C)C,12.74846,-0.35715,0.23387,-0.49186,1.95455,2.01633,752.18896,-1.9,129.90514,43.37,0.47368,3.4433,-9.129,-1.346,7.783,5.0746,67.69729,187.50541,91.60825,278.36199,45.37161
334,terpenoid,C=C1C[C@@]23CC[C@H]4[C@@](C)(CCC[C@@]4(C)C(=O)O[C@@H]4O[C@H](CO)[C@@H](O)[C@H](O)[C@H]4O)[C@@H]2CC[C@]1(O[C@@H]1O[C@H](CO)[C@@H](O)[C@H](O)[C@H]1O[C@@H]1O[C@H](CO)[C@@H](O)[C@H](O)[C@H]1O)C3,14.12092,-1.80716,0.314,-0.4323,1.21429,1.10187,1448.72354,-1.43,324.09105,294.98,0.92105,-2.9381,-9.815,0.673,10.488,5.86356,57.92728,192.68306,56.45169,248.38308,65.58051
335,terpenoid,CC(C)C1=CC2=CC[C@H]3[C@](C)(C(=O)O)CCC[C@]3(C)[C@H]2CC1,11.94202,-0.58843,0.30916,-0.48082,2.04545,1.99875,541.9105,-1.05,134.23221,37.3,0.75,5.2062,-8.519,0.504,9.023,2.32287,66.21068,173.21714,108.62169,281.08716,41.15983
336,terpenoid,CC1(C)[C@@H](O[C@H]2O[C@H](C(=O)O)[C@@H](O)[C@H](O)[C@H]2O[C@@H]2O[C@H](C(=O)O)[C@@H](O)[C@H](O)[C@H]2O)CC[C@@]2(C)[C@H]1CC[C@]1(C)[C@@H]2C(=O)C=C2[C@@H]3C[C@@](C)(C(=O)O)CC[C@]3(C)CC[C@]21C,14.83846,-2.04786,0.33529,-0.48083,1.27586,1.17385,1731.14413,-2.54,337.4256,267.04,0.85714,2.2456,-9.407,0.083,9.49,11.0714,59.41767,183.74522,64.98815,247.9817,67.47228
337,terpenoid,C=C1C[C@@]2(O)O[C@@]3(C[C@H]2C(C)C)[C@@H](C)CC[C@@H]13,10.79887,-0.93021,0.17261,-0.36489,2.11765,2.03986,361.93332,-0.34,104.04912,29.46,0.86667,3.1123,-9.642,1.084,10.726,1.95287,72.34639,201.32467,95.83,296.403,31.9797
338,terpenoid,C[C@@]12C[C@@]3(O)O[C@@H](O1)[C@]1(COC(=O)c4ccccc4)[C@H]3C[C@]21O[C@@H]1O[C@H](CO)[C@@H](O)[C@H](O)[C@H]1O,12.70739,-1.61197,0.33764,-0.46116,1.85294,1.31859,988.38829,-1.67,194.30668,164.37,0.69565,-1.3575,-10.032,-0.593,9.439,1.57361,66.23484,213.07176,43.85857,256.17866,66.09249
339,terpenoid,CC1=CC[C@@H]2C[C@H]1C2(C)C,2.43461,0.63773,-0.01489,-0.08501,2.2,2.29663,186.21499,-0.26,63.32246,0,0.8,2.9987,-9.061,1.307,10.368,0.4017,73.45248,189.26985,111.63307,300.15125,29.33754
340,terpenoid,CC1(C)[C@@H]2CC[C@@]1(C)C(=O)C2,11.57312,0.02546,0.1391,-0.29906,2,2.47415,216.91267,-0.33,68.17359,17.07,0.9,2.4017,-9.654,1.082,10.736,3.21501,82.94755,194.34184,104.01332,297.60349,41.38037
341,terpenoid,Cc1ccc(C(C)C)c(O)c1,9.46176,0.3987,0.11879,-0.50765,1.90909,3.09272,251.04973,-0.98,67.68541,20.23,0.4,2.82402,-8.854,0.274,9.128,1.40084,70.97424,187.90743,92.41331,279.56907,47.44148
342,terpenoid,CC12CCC(CC1)C(C)(C)O2,6.06019,0.15799,0.06618,-0.36913,1.63636,2.22399,160.9567,-0.04,69.12561,9.23,1,2.7441,-9.376,2.794,12.17,1.38813,80.14651,197.37481,134.87346,331.4966,4.68622
343,terpenoid,CC1(C)CCC[C@@]2(C)[C@H]1CC[C@@]1(C)OCC[C@H]21,6.12674,0.20701,0.06883,-0.37496,1.64706,1.97734,317.48687,-0.04,106.30943,9.23,1,4.408,-9.583,2.577,12.16,1.9183,68.82547,199.42273,118.5635,317.23456,7.62722
